2026/10/09 10:26:45.212, 86, 825 MHz, 299.88 W
2026/10/09 10:26:46.217, 85, 855 MHz, 299.36 W
2026/10/09 10:26:47.218, 84, 600 MHz, 299.56 W
2026/10/09 10:26:48.218, 83, 450 MHz, 299.05 W
2026/10/09 10:26:49.218, 85, 750 MHz, 296.48 W
2026/10/09 10:26:50.218, 85, 720 MHz, 298.74 W
2026/10/09 10:26:51.218, 85, 660 MHz, 299.58 W
2026/10/09 10:26:52.219, 86, 810 MHz, 298.65 W
2026/10/09 10:26:53.219, 86, 675 MHz, 299.16 W
2026/10/09 10:26:54.219, 85, 660 MHz, 299.36 W
2026/10/09 10:26:55.219, 85, 690 MHz, 299.00 W
2026/10/09 10:26:56.219, 84, 1050 MHz, 297.30 W
2026/10/09 10:26:57.220, 84, 1050 MHz, 298.88 W
2026/10/09 10:26:58.220, 85, 1005 MHz, 298.54 W
2026/10/09 10:26:59.220, 85, 1050 MHz, 299.44 W
2026/10/09 10:27:00.220, 85, 1020 MHz, 299.14 W
2026/10/09 10:27:01.220, 85, 930 MHz, 299.13 W
2026/10/09 10:27:02.221, 85, 1050 MHz, 299.18 W
2026/10/09 10:27:03.221, 85, 1095 MHz, 299.50 W
2026/10/09 10:27:04.221, 85, 1080 MHz, 299.27 W
2026/10/09 10:27:05.221, 85, 1035 MHz, 298.89 W
2026/10/09 10:27:06.221, 85, 1035 MHz, 299.11 W
2026/10/09 10:27:07.221, 85, 1080 MHz, 298.44 W
2026/10/09 10:27:08.222, 85, 1215 MHz, 298.89 W
2026/10/09 10:27:09.222, 85, 1275 MHz, 296.71 W
2026/10/09 10:27:10.222, 85, 1365 MHz, 297.12 W
2026/10/09 10:27:11.222, 85, 1050 MHz, 298.89 W
2026/10/09 10:27:12.222, 85, 1170 MHz, 298.61 W
2026/10/09 10:27:13.223, 78, 1710 MHz, 150.77 W
2026/10/09 10:27:14.223, 77, 1710 MHz, 94.10 W
2026/10/09 10:27:15.223, 77, 1710 MHz, 77.59 W
2026/10/09 10:27:16.223, 76, 1710 MHz, 92.33 W
2026/10/09 10:27:17.223, 75, 1710 MHz, 75.92 W
2026/10/09 10:27:18.224, 75, 1710 MHz, 82.75 W
2026/10/09 10:27:19.224, 74, 1710 MHz, 73.76 W
2026/10/09 10:27:20.224, 76, 1710 MHz, 87.34 W
2026/10/09 10:27:21.224, 73, 1710 MHz, 87.17 W
2026/10/09 10:27:22.224, 74, 1710 MHz, 80.41 W
2026/10/09 10:27:23.225, 80, 1335 MHz, 230.06 W
2026/10/09 10:27:24.225, 80, 915 MHz, 295.71 W
2026/10/09 10:27:25.225, 80, 1260 MHz, 290.40 W
2026/10/09 10:27:26.225, 79, 1245 MHz, 287.32 W
2026/10/09 10:27:27.226, 81, 1230 MHz, 296.15 W
2026/10/09 10:27:28.226, 81, 1710 MHz, 281.13 W
2026/10/09 10:27:29.226, 81, 1530 MHz, 285.52 W
2026/10/09 10:27:30.226, 82, 1485 MHz, 291.94 W
2026/10/09 10:27:31.226, 82, 1710 MHz, 292.06 W
2026/10/09 10:27:32.227, 82, 1710 MHz, 287.24 W
2026/10/09 10:27:33.227, 83, 1365 MHz, 276.56 W
2026/10/09 10:27:34.227, 83, 1380 MHz, 294.30 W
2026/10/09 10:27:35.227, 83, 1425 MHz, 285.31 W
2026/10/09 10:27:36.227, 84, 1575 MHz, 286.96 W
2026/10/09 10:27:37.228, 83, 1620 MHz, 295.09 W
2026/10/09 10:27:38.228, 79, 1425 MHz, 288.04 W
2026/10/09 10:27:39.228, 83, 1575 MHz, 289.10 W
2026/10/09 10:27:40.228, 83, 1605 MHz, 295.54 W
2026/10/09 10:27:41.228, 83, 1320 MHz, 285.80 W
2026/10/09 10:27:42.229, 83, 1605 MHz, 292.78 W
2026/10/09 10:27:43.229, 84, 1605 MHz, 292.58 W
2026/10/09 10:27:44.229, 84, 1695 MHz, 214.11 W
2026/10/09 10:27:45.229, 83, 1485 MHz, 289.38 W
2026/10/09 10:27:46.229, 82, 1410 MHz, 291.48 W
2026/10/09 10:27:47.230, 83, 1560 MHz, 244.60 W
2026/10/09 10:27:48.230, 83, 1335 MHz, 291.03 W
2026/10/09 10:27:49.230, 80, 1545 MHz, 292.45 W
2026/10/09 10:27:50.230, 83, 1260 MHz, 237.64 W
2026/10/09 10:27:51.230, 84, 1575 MHz, 292.01 W
2026/10/09 10:27:52.231, 78, 1710 MHz, 283.51 W
2026/10/09 10:27:53.231, 75, 1710 MHz, 92.76 W
2026/10/09 10:27:54.231, 74, 1710 MHz, 74.92 W
2026/10/09 10:27:55.231, 73, 1710 MHz, 73.54 W
2026/10/09 10:27:56.231, 73, 1710 MHz, 72.16 W
2026/10/09 10:27:57.232, 72, 1710 MHz, 71.72 W
2026/10/09 10:27:58.232, 71, 1710 MHz, 71.20 W
2026/10/09 10:27:59.232, 71, 1710 MHz, 71.11 W
2026/10/09 10:28:00.232, 70, 1710 MHz, 70.23 W
2026/10/09 10:28:01.233, 70, 1710 MHz, 69.98 W
2026/10/09 10:28:02.233, 69, 1710 MHz, 69.57 W
2026/10/09 10:28:03.233, 76, 1125 MHz, 93.16 W
2026/10/09 10:28:04.233, 76, 1590 MHz, 295.98 W
2026/10/09 10:28:05.233, 75, 1710 MHz, 298.79 W
2026/10/09 10:28:06.234, 76, 1440 MHz, 298.33 W
2026/10/09 10:28:07.234, 77, 1605 MHz, 295.64 W
2026/10/09 10:28:08.234, 78, 1185 MHz, 299.14 W
2026/10/09 10:28:09.234, 78, 1185 MHz, 298.23 W
2026/10/09 10:28:10.235, 75, 1215 MHz, 299.09 W
2026/10/09 10:28:11.235, 71, 1710 MHz, 109.74 W
2026/10/09 10:28:12.235, 70, 1710 MHz, 70.12 W
2026/10/09 10:28:13.235, 69, 1710 MHz, 69.34 W
2026/10/09 10:28:14.235, 69, 1710 MHz, 69.36 W
2026/10/09 10:28:15.236, 68, 1710 MHz, 68.91 W
2026/10/09 10:28:16.236, 68, 1710 MHz, 68.53 W
2026/10/09 10:28:17.236, 67, 1710 MHz, 67.92 W
2026/10/09 10:28:18.236, 67, 1710 MHz, 67.40 W
2026/10/09 10:28:19.236, 67, 1710 MHz, 67.21 W
2026/10/09 10:28:20.237, 66, 1710 MHz, 67.05 W
2026/10/09 10:28:21.237, 66, 1710 MHz, 72.43 W
2026/10/09 10:28:22.237, 73, 1290 MHz, 198.57 W
2026/10/09 10:28:23.237, 72, 1395 MHz, 295.00 W
2026/10/09 10:28:24.238, 75, 1410 MHz, 283.23 W
2026/10/09 10:28:25.238, 75, 1320 MHz, 282.14 W
2026/10/09 10:28:26.238, 76, 1410 MHz, 300.60 W
2026/10/09 10:28:27.238, 76, 1410 MHz, 281.87 W
2026/10/09 10:28:28.238, 77, 1530 MHz, 287.30 W
2026/10/09 10:28:29.239, 76, 1515 MHz, 296.46 W
2026/10/09 10:28:30.239, 77, 1395 MHz, 295.69 W
2026/10/09 10:28:31.239, 77, 1395 MHz, 274.93 W
2026/10/09 10:28:32.239, 78, 1455 MHz, 282.78 W
2026/10/09 10:28:33.239, 78, 1470 MHz, 281.51 W
2026/10/09 10:28:34.239, 78, 1635 MHz, 280.77 W
2026/10/09 10:28:35.240, 79, 1590 MHz, 285.04 W
2026/10/09 10:28:36.240, 80, 1590 MHz, 295.38 W
2026/10/09 10:28:37.240, 79, 1575 MHz, 286.84 W
2026/10/09 10:28:38.240, 80, 1320 MHz, 292.78 W
2026/10/09 10:28:39.240, 76, 1710 MHz, 292.20 W
2026/10/09 10:28:40.241, 80, 1350 MHz, 285.74 W
2026/10/09 10:28:41.241, 80, 1620 MHz, 292.08 W
2026/10/09 10:28:42.241, 79, 1575 MHz, 242.23 W
2026/10/09 10:28:43.241, 79, 1575 MHz, 289.39 W
2026/10/09 10:28:44.241, 80, 1575 MHz, 288.22 W
2026/10/09 10:28:45.242, 81, 1710 MHz, 260.43 W
2026/10/09 10:28:46.242, 80, 1620 MHz, 287.95 W
2026/10/09 10:28:47.242, 80, 1590 MHz, 288.43 W
2026/10/09 10:28:48.242, 82, 1710 MHz, 261.30 W
2026/10/09 10:28:49.242, 81, 1665 MHz, 288.93 W
2026/10/09 10:28:50.242, 81, 1545 MHz, 288.06 W
2026/10/09 10:28:51.243, 73, 1710 MHz, 150.73 W
2026/10/09 10:28:52.243, 72, 1710 MHz, 70.36 W
2026/10/09 10:28:53.243, 72, 1710 MHz, 69.36 W
2026/10/09 10:28:54.243, 71, 1710 MHz, 68.97 W
2026/10/09 10:28:55.244, 70, 1710 MHz, 68.87 W
2026/10/09 10:28:56.244, 70, 1710 MHz, 68.46 W
2026/10/09 10:28:57.244, 70, 1710 MHz, 68.17 W
2026/10/09 10:28:58.244, 69, 1710 MHz, 68.09 W
2026/10/09 10:28:59.244, 69, 1710 MHz, 67.85 W
2026/10/09 10:29:00.245, 68, 1710 MHz, 67.77 W
2026/10/09 10:29:01.245, 68, 1710 MHz, 67.55 W
2026/10/09 10:29:02.245, 73, 1410 MHz, 228.48 W
2026/10/09 10:29:03.245, 74, 1710 MHz, 296.59 W
2026/10/09 10:29:04.246, 75, 1410 MHz, 297.94 W
2026/10/09 10:29:05.246, 75, 1650 MHz, 298.78 W
2026/10/09 10:29:06.246, 77, 1140 MHz, 298.97 W
2026/10/09 10:29:07.246, 77, 1125 MHz, 299.26 W
2026/10/09 10:29:08.246, 76, 1095 MHz, 299.73 W
2026/10/09 10:29:09.247, 70, 1710 MHz, 137.29 W
2026/10/09 10:29:10.247, 69, 1710 MHz, 68.24 W
2026/10/09 10:29:11.247, 68, 1710 MHz, 67.91 W
2026/10/09 10:29:12.247, 68, 1710 MHz, 67.68 W
2026/10/09 10:29:13.247, 67, 1710 MHz, 67.43 W
2026/10/09 10:29:14.248, 67, 1710 MHz, 67.23 W
2026/10/09 10:29:15.248, 67, 1710 MHz, 67.14 W
2026/10/09 10:29:16.248, 66, 1710 MHz, 67.02 W
2026/10/09 10:29:17.248, 66, 1710 MHz, 66.76 W
2026/10/09 10:29:18.249, 65, 1710 MHz, 66.59 W
2026/10/09 10:29:19.250, 65, 1710 MHz, 66.61 W
2026/10/09 10:29:20.250, 72, 1290 MHz, 169.39 W
2026/10/09 10:29:21.250, 74, 1395 MHz, 295.86 W
2026/10/09 10:29:22.250, 72, 1350 MHz, 285.02 W
2026/10/09 10:29:23.250, 74, 1320 MHz, 288.10 W
2026/10/09 10:29:24.251, 76, 1425 MHz, 296.02 W
2026/10/09 10:29:25.251, 75, 1440 MHz, 282.33 W
2026/10/09 10:29:26.251, 76, 1470 MHz, 283.38 W
2026/10/09 10:29:27.251, 77, 1530 MHz, 292.15 W
2026/10/09 10:29:28.251, 77, 1470 MHz, 297.14 W
2026/10/09 10:29:29.252, 77, 1410 MHz, 275.56 W
2026/10/09 10:29:30.252, 77, 1425 MHz, 285.41 W
2026/10/09 10:29:31.252, 77, 1500 MHz, 286.46 W
2026/10/09 10:29:32.252, 77, 1575 MHz, 290.59 W
2026/10/09 10:29:33.252, 78, 1695 MHz, 284.67 W
2026/10/09 10:29:34.252, 78, 1590 MHz, 293.13 W
2026/10/09 10:29:35.253, 79, 1590 MHz, 285.89 W
2026/10/09 10:29:36.254, 80, 1575 MHz, 293.73 W
2026/10/09 10:29:37.254, 78, 1485 MHz, 288.12 W
2026/10/09 10:29:38.254, 79, 1635 MHz, 287.04 W
2026/10/09 10:29:39.254, 80, 1560 MHz, 292.51 W
2026/10/09 10:29:40.254, 80, 1515 MHz, 240.58 W
2026/10/09 10:29:41.255, 80, 1485 MHz, 288.29 W
2026/10/09 10:29:42.255, 80, 1530 MHz, 287.81 W
2026/10/09 10:29:43.255, 80, 1710 MHz, 259.17 W
2026/10/09 10:29:44.255, 80, 1710 MHz, 286.72 W
2026/10/09 10:29:45.255, 81, 1710 MHz, 286.89 W
2026/10/09 10:29:46.256, 80, 1665 MHz, 256.55 W
2026/10/09 10:29:47.256, 81, 1710 MHz, 287.32 W
2026/10/09 10:29:48.256, 81, 1590 MHz, 287.65 W
2026/10/09 10:29:49.256, 72, 1710 MHz, 125.30 W
2026/10/09 10:29:50.256, 72, 1710 MHz, 69.91 W
2026/10/09 10:29:51.257, 71, 1710 MHz, 69.15 W
2026/10/09 10:29:52.257, 70, 1710 MHz, 68.99 W
2026/10/09 10:29:53.258, 70, 1710 MHz, 68.58 W
2026/10/09 10:29:54.258, 69, 1710 MHz, 68.23 W
2026/10/09 10:29:55.258, 69, 1710 MHz, 67.99 W
2026/10/09 10:29:56.258, 68, 1710 MHz, 67.92 W
2026/10/09 10:29:57.259, 68, 1710 MHz, 67.75 W
2026/10/09 10:29:58.259, 67, 1710 MHz, 67.40 W
2026/10/09 10:29:59.259, 74, 1155 MHz, 116.58 W
2026/10/09 10:30:00.259, 74, 1710 MHz, 295.59 W
2026/10/09 10:30:01.259, 74, 1710 MHz, 293.28 W
2026/10/09 10:30:02.260, 75, 1710 MHz, 294.99 W
2026/10/09 10:30:03.260, 75, 1710 MHz, 297.38 W
2026/10/09 10:30:04.260, 77, 1170 MHz, 298.63 W
2026/10/09 10:30:05.260, 77, 1185 MHz, 298.98 W
2026/10/09 10:30:06.260, 70, 1710 MHz, 211.96 W
2026/10/09 10:30:07.261, 69, 1710 MHz, 68.94 W
2026/10/09 10:30:08.261, 68, 1710 MHz, 67.72 W
2026/10/09 10:30:09.261, 68, 1710 MHz, 67.40 W
2026/10/09 10:30:10.261, 67, 1710 MHz, 67.27 W
2026/10/09 10:30:11.262, 67, 1710 MHz, 66.91 W
2026/10/09 10:30:12.262, 66, 1710 MHz, 66.83 W
2026/10/09 10:30:13.262, 66, 1710 MHz, 66.76 W
2026/10/09 10:30:14.262, 65, 1710 MHz, 66.63 W
2026/10/09 10:30:15.262, 65, 1710 MHz, 66.35 W
2026/10/09 10:30:16.263, 65, 1710 MHz, 66.19 W
2026/10/09 10:30:17.263, 72, 1290 MHz, 129.54 W
2026/10/09 10:30:18.263, 72, 1395 MHz, 294.09 W
2026/10/09 10:30:19.263, 73, 1320 MHz, 283.18 W
2026/10/09 10:30:20.264, 74, 1290 MHz, 288.85 W
2026/10/09 10:30:21.264, 75, 1350 MHz, 296.55 W
2026/10/09 10:30:22.264, 75, 1440 MHz, 289.26 W
2026/10/09 10:30:23.264, 73, 1620 MHz, 288.39 W
2026/10/09 10:30:24.264, 76, 1530 MHz, 291.15 W
2026/10/09 10:30:25.265, 77, 1515 MHz, 292.86 W
2026/10/09 10:30:26.265, 76, 1560 MHz, 273.97 W
2026/10/09 10:30:27.265, 76, 1530 MHz, 280.64 W
2026/10/09 10:30:28.265, 76, 1425 MHz, 282.69 W
2026/10/09 10:30:29.265, 77, 1395 MHz, 276.53 W
2026/10/09 10:30:30.266, 78, 1530 MHz, 283.93 W
2026/10/09 10:30:31.266, 78, 1515 MHz, 294.90 W
2026/10/09 10:30:32.266, 78, 1665 MHz, 286.22 W
2026/10/09 10:30:33.266, 78, 1665 MHz, 293.25 W
2026/10/09 10:30:34.266, 79, 1560 MHz, 287.10 W
2026/10/09 10:30:35.267, 80, 1605 MHz, 294.17 W
2026/10/09 10:30:36.267, 80, 1560 MHz, 296.01 W
2026/10/09 10:30:37.267, 79, 1680 MHz, 223.50 W
2026/10/09 10:30:38.267, 80, 1410 MHz, 290.74 W
2026/10/09 10:30:39.267, 80, 1260 MHz, 290.69 W
2026/10/09 10:30:40.268, 81, 1710 MHz, 255.63 W
2026/10/09 10:30:41.268, 81, 1710 MHz, 291.21 W
2026/10/09 10:30:42.268, 73, 1710 MHz, 261.59 W
2026/10/09 10:30:43.268, 81, 1590 MHz, 287.48 W
2026/10/09 10:30:44.268, 81, 1590 MHz, 290.65 W
2026/10/09 10:30:45.268, 73, 1710 MHz, 201.27 W
2026/10/09 10:30:46.269, 72, 1710 MHz, 71.25 W
2026/10/09 10:30:47.269, 71, 1710 MHz, 69.18 W
2026/10/09 10:30:48.269, 70, 1710 MHz, 68.47 W
2026/10/09 10:30:49.269, 70, 1710 MHz, 68.41 W
2026/10/09 10:30:50.269, 69, 1710 MHz, 68.12 W
2026/10/09 10:30:51.270, 69, 1710 MHz, 67.79 W
2026/10/09 10:30:52.270, 68, 1710 MHz, 67.68 W
2026/10/09 10:30:53.270, 68, 1710 MHz, 67.45 W
2026/10/09 10:30:54.270, 67, 1710 MHz, 67.47 W
2026/10/09 10:30:55.270, 75, 1185 MHz, 223.86 W
2026/10/09 10:30:56.271, 74, 1710 MHz, 292.84 W
2026/10/09 10:30:57.271, 75, 1710 MHz, 295.41 W
2026/10/09 10:30:58.271, 75, 1710 MHz, 295.15 W
2026/10/09 10:30:59.271, 75, 1125 MHz, 298.96 W
2026/10/09 10:31:00.271, 77, 1140 MHz, 299.21 W
2026/10/09 10:31:01.271, 77, 1170 MHz, 299.93 W
2026/10/09 10:31:02.272, 69, 1710 MHz, 107.04 W
2026/10/09 10:31:03.272, 68, 1710 MHz, 68.12 W
2026/10/09 10:31:04.272, 68, 1710 MHz, 67.96 W
2026/10/09 10:31:05.272, 67, 1710 MHz, 67.69 W
2026/10/09 10:31:06.273, 67, 1710 MHz, 67.32 W
2026/10/09 10:31:07.273, 67, 1710 MHz, 67.07 W
2026/10/09 10:31:08.273, 66, 1710 MHz, 66.95 W
2026/10/09 10:31:09.273, 66, 1710 MHz, 66.93 W
2026/10/09 10:31:10.274, 65, 1710 MHz, 66.76 W
2026/10/09 10:31:11.274, 65, 1710 MHz, 66.50 W
2026/10/09 10:31:12.274, 65, 1710 MHz, 66.47 W
2026/10/09 10:31:13.274, 72, 1710 MHz, 255.57 W
2026/10/09 10:31:14.274, 73, 1560 MHz, 286.22 W
2026/10/09 10:31:15.275, 74, 1320 MHz, 288.57 W
2026/10/09 10:31:16.275, 74, 1425 MHz, 283.66 W
2026/10/09 10:31:17.275, 75, 1710 MHz, 289.65 W
2026/10/09 10:31:18.276, 72, 1710 MHz, 277.26 W
2026/10/09 10:31:19.276, 76, 1485 MHz, 287.82 W
2026/10/09 10:31:20.276, 76, 1485 MHz, 295.55 W
2026/10/09 10:31:21.276, 77, 1470 MHz, 295.75 W
2026/10/09 10:31:22.276, 77, 1440 MHz, 274.61 W
2026/10/09 10:31:23.277, 78, 1425 MHz, 284.76 W
2026/10/09 10:31:24.277, 77, 1515 MHz, 287.15 W
2026/10/09 10:31:25.277, 77, 1545 MHz, 286.34 W
2026/10/09 10:31:26.277, 77, 1530 MHz, 294.93 W
2026/10/09 10:31:27.277, 78, 1665 MHz, 286.36 W
2026/10/09 10:31:28.277, 79, 1665 MHz, 292.44 W
2026/10/09 10:31:29.278, 79, 1650 MHz, 293.78 W
2026/10/09 10:31:30.278, 79, 1545 MHz, 287.85 W
2026/10/09 10:31:31.278, 79, 1545 MHz, 297.32 W
2026/10/09 10:31:32.278, 78, 1530 MHz, 245.43 W
2026/10/09 10:31:33.278, 79, 1440 MHz, 293.39 W
2026/10/09 10:31:34.279, 80, 1275 MHz, 291.88 W
2026/10/09 10:31:35.279, 80, 1605 MHz, 261.91 W
2026/10/09 10:31:36.279, 80, 1605 MHz, 290.93 W
2026/10/09 10:31:37.279, 81, 1605 MHz, 290.14 W
2026/10/09 10:31:38.279, 81, 1665 MHz, 261.99 W
2026/10/09 10:31:39.280, 81, 1620 MHz, 290.27 W
2026/10/09 10:31:40.280, 75, 1710 MHz, 266.77 W
2026/10/09 10:31:41.280, 72, 1710 MHz, 76.37 W
2026/10/09 10:31:42.280, 71, 1710 MHz, 69.68 W
2026/10/09 10:31:43.280, 71, 1710 MHz, 68.89 W
2026/10/09 10:31:44.281, 70, 1710 MHz, 68.56 W
2026/10/09 10:31:45.281, 70, 1710 MHz, 68.30 W
2026/10/09 10:31:46.281, 69, 1710 MHz, 67.98 W
2026/10/09 10:31:47.281, 69, 1710 MHz, 67.64 W
2026/10/09 10:31:48.282, 68, 1710 MHz, 67.60 W
2026/10/09 10:31:49.283, 68, 1710 MHz, 67.40 W
2026/10/09 10:31:50.283, 67, 1710 MHz, 67.17 W
2026/10/09 10:31:51.283, 68, 1710 MHz, 77.38 W
2026/10/09 10:31:52.283, 73, 1635 MHz, 284.67 W
2026/10/09 10:31:53.284, 74, 1650 MHz, 296.30 W
2026/10/09 10:31:54.284, 74, 1710 MHz, 298.08 W
2026/10/09 10:31:55.284, 75, 1515 MHz, 298.22 W
2026/10/09 10:31:56.284, 76, 1170 MHz, 299.49 W
2026/10/09 10:31:57.284, 77, 1110 MHz, 299.80 W
2026/10/09 10:31:58.284, 75, 1710 MHz, 292.12 W
2026/10/09 10:31:59.285, 69, 1710 MHz, 87.61 W
2026/10/09 10:32:00.285, 68, 1710 MHz, 67.74 W
2026/10/09 10:32:01.285, 68, 1710 MHz, 67.72 W
2026/10/09 10:32:02.285, 67, 1710 MHz, 67.45 W
2026/10/09 10:32:03.286, 67, 1710 MHz, 67.25 W
2026/10/09 10:32:04.286, 66, 1710 MHz, 66.85 W
2026/10/09 10:32:05.286, 66, 1710 MHz, 66.67 W
2026/10/09 10:32:06.286, 65, 1710 MHz, 66.45 W
2026/10/09 10:32:07.286, 65, 1710 MHz, 66.28 W
2026/10/09 10:32:08.287, 65, 1710 MHz, 66.13 W
2026/10/09 10:32:09.287, 71, 1485 MHz, 128.64 W
2026/10/09 10:32:10.287, 73, 1410 MHz, 294.03 W
2026/10/09 10:32:11.287, 73, 1335 MHz, 285.25 W
2026/10/09 10:32:12.288, 74, 1335 MHz, 288.65 W
2026/10/09 10:32:13.288, 75, 1380 MHz, 298.93 W
2026/10/09 10:32:14.288, 75, 1470 MHz, 288.71 W
2026/10/09 10:32:15.288, 75, 1395 MHz, 286.74 W
2026/10/09 10:32:16.288, 76, 1575 MHz, 294.70 W
2026/10/09 10:32:17.289, 74, 1485 MHz, 293.42 W
2026/10/09 10:32:18.289, 70, 1590 MHz, 271.86 W
2026/10/09 10:32:19.289, 77, 1710 MHz, 277.26 W
2026/10/09 10:32:20.289, 78, 1440 MHz, 285.15 W
2026/10/09 10:32:21.289, 77, 1395 MHz, 284.48 W
2026/10/09 10:32:22.289, 78, 1530 MHz, 285.91 W
2026/10/09 10:32:23.290, 79, 1605 MHz, 297.34 W
2026/10/09 10:32:24.290, 79, 1695 MHz, 288.35 W
2026/10/09 10:32:25.290, 78, 1635 MHz, 291.26 W
2026/10/09 10:32:26.290, 79, 1680 MHz, 294.86 W
2026/10/09 10:32:27.290, 79, 1215 MHz, 285.07 W
2026/10/09 10:32:28.291, 79, 1560 MHz, 291.91 W
2026/10/09 10:32:29.291, 78, 1530 MHz, 237.36 W
2026/10/09 10:32:30.291, 79, 1200 MHz, 288.13 W
2026/10/09 10:32:31.291, 78, 1140 MHz, 288.66 W
2026/10/09 10:32:32.291, 80, 1545 MHz, 261.33 W
2026/10/09 10:32:33.292, 80, 1530 MHz, 287.92 W
2026/10/09 10:32:34.292, 80, 1530 MHz, 287.91 W
2026/10/09 10:32:35.292, 81, 1440 MHz, 256.66 W
2026/10/09 10:32:36.292, 81, 1320 MHz, 288.36 W
2026/10/09 10:32:37.292, 80, 1140 MHz, 288.48 W
2026/10/09 10:32:38.293, 72, 1710 MHz, 158.72 W
2026/10/09 10:32:39.293, 72, 1710 MHz, 69.83 W
2026/10/09 10:32:40.293, 71, 1710 MHz, 68.83 W
2026/10/09 10:32:41.293, 70, 1710 MHz, 68.64 W
2026/10/09 10:32:42.293, 70, 1710 MHz, 68.31 W
2026/10/09 10:32:43.294, 69, 1710 MHz, 68.11 W
2026/10/09 10:32:44.294, 69, 1710 MHz, 67.79 W
2026/10/09 10:32:45.294, 68, 1710 MHz, 67.63 W
2026/10/09 10:32:46.294, 68, 1710 MHz, 67.57 W
2026/10/09 10:32:47.295, 67, 1710 MHz, 67.36 W
2026/10/09 10:32:48.295, 67, 1710 MHz, 67.12 W
2026/10/09 10:32:49.295, 74, 1230 MHz, 170.84 W
2026/10/09 10:32:50.295, 73, 1590 MHz, 295.92 W
2026/10/09 10:32:51.296, 74, 1680 MHz, 296.44 W
2026/10/09 10:32:52.296, 74, 1710 MHz, 295.40 W
2026/10/09 10:32:53.296, 74, 1515 MHz, 297.62 W
2026/10/09 10:32:54.296, 76, 1200 MHz, 298.38 W
2026/10/09 10:32:55.297, 76, 1125 MHz, 298.88 W
2026/10/09 10:32:56.297, 70, 1710 MHz, 203.82 W
2026/10/09 10:32:57.297, 69, 1710 MHz, 68.34 W
2026/10/09 10:32:58.297, 68, 1710 MHz, 67.74 W
2026/10/09 10:32:59.297, 67, 1710 MHz, 67.30 W
2026/10/09 10:33:00.298, 67, 1710 MHz, 67.07 W
2026/10/09 10:33:01.298, 66, 1710 MHz, 67.03 W
2026/10/09 10:33:02.298, 66, 1710 MHz, 66.89 W
2026/10/09 10:33:03.298, 66, 1710 MHz, 66.65 W
2026/10/09 10:33:04.299, 65, 1710 MHz, 66.33 W
2026/10/09 10:33:05.299, 65, 1710 MHz, 66.15 W
2026/10/09 10:33:06.299, 65, 1710 MHz, 65.99 W
2026/10/09 10:33:07.299, 72, 1575 MHz, 122.74 W
2026/10/09 10:33:08.300, 71, 1410 MHz, 295.55 W
2026/10/09 10:33:09.300, 73, 1365 MHz, 286.77 W
2026/10/09 10:33:10.300, 74, 1320 MHz, 290.27 W
2026/10/09 10:33:11.300, 75, 1395 MHz, 299.55 W
2026/10/09 10:33:12.300, 75, 1470 MHz, 288.50 W
2026/10/09 10:33:13.301, 76, 1470 MHz, 288.05 W
2026/10/09 10:33:14.301, 74, 1710 MHz, 294.65 W
2026/10/09 10:33:15.301, 76, 1500 MHz, 293.46 W
2026/10/09 10:33:16.301, 75, 1710 MHz, 265.96 W
2026/10/09 10:33:17.301, 71, 1710 MHz, 276.95 W
2026/10/09 10:33:18.302, 77, 1440 MHz, 283.08 W
2026/10/09 10:33:19.302, 77, 1350 MHz, 284.95 W
2026/10/09 10:33:20.302, 78, 1590 MHz, 281.84 W
2026/10/09 10:33:21.302, 78, 1530 MHz, 296.82 W
2026/10/09 10:33:22.302, 78, 1425 MHz, 288.02 W
2026/10/09 10:33:23.303, 78, 1290 MHz, 291.42 W
2026/10/09 10:33:24.303, 79, 1365 MHz, 294.08 W
2026/10/09 10:33:25.303, 79, 1710 MHz, 285.02 W
2026/10/09 10:33:26.303, 79, 1575 MHz, 291.24 W
2026/10/09 10:33:27.303, 71, 1710 MHz, 225.56 W
2026/10/09 10:33:28.304, 79, 1530 MHz, 243.21 W
2026/10/09 10:33:29.304, 79, 1575 MHz, 287.49 W
2026/10/09 10:33:30.304, 72, 1710 MHz, 247.43 W
2026/10/09 10:33:31.304, 80, 1170 MHz, 255.89 W
2026/10/09 10:33:32.304, 80, 1200 MHz, 287.27 W
2026/10/09 10:33:33.304, 73, 1710 MHz, 240.26 W
2026/10/09 10:33:34.305, 81, 1710 MHz, 258.11 W
2026/10/09 10:33:35.305, 80, 1635 MHz, 287.79 W
2026/10/09 10:33:36.305, 73, 1710 MHz, 245.11 W
2026/10/09 10:33:37.305, 72, 1710 MHz, 74.28 W
2026/10/09 10:33:38.305, 71, 1710 MHz, 68.65 W
2026/10/09 10:33:39.305, 70, 1710 MHz, 68.49 W
2026/10/09 10:33:40.306, 70, 1710 MHz, 68.34 W
2026/10/09 10:33:41.306, 69, 1710 MHz, 68.17 W
2026/10/09 10:33:42.306, 69, 1710 MHz, 68.01 W
2026/10/09 10:33:43.306, 68, 1710 MHz, 67.77 W
2026/10/09 10:33:44.306, 68, 1710 MHz, 67.56 W
2026/10/09 10:33:45.307, 67, 1710 MHz, 67.23 W
2026/10/09 10:33:46.307, 67, 1710 MHz, 67.08 W
2026/10/09 10:33:47.307, 70, 1710 MHz, 69.51 W
2026/10/09 10:33:48.307, 73, 1665 MHz, 272.68 W
2026/10/09 10:33:49.308, 74, 1710 MHz, 293.05 W
2026/10/09 10:33:50.308, 74, 1710 MHz, 294.17 W
2026/10/09 10:33:51.308, 74, 1710 MHz, 292.64 W
2026/10/09 10:33:52.308, 76, 1140 MHz, 299.07 W
2026/10/09 10:33:53.308, 77, 1170 MHz, 298.23 W
2026/10/09 10:33:54.309, 70, 1710 MHz, 265.88 W
2026/10/09 10:33:55.309, 68, 1710 MHz, 72.67 W
2026/10/09 10:33:56.309, 68, 1710 MHz, 67.77 W
2026/10/09 10:33:57.309, 67, 1710 MHz, 67.38 W
2026/10/09 10:33:58.309, 67, 1710 MHz, 67.29 W
2026/10/09 10:33:59.310, 66, 1710 MHz, 67.14 W
2026/10/09 10:34:00.310, 66, 1710 MHz, 67.06 W
2026/10/09 10:34:01.310, 65, 1710 MHz, 66.86 W
2026/10/09 10:34:02.310, 65, 1710 MHz, 66.61 W
2026/10/09 10:34:03.311, 65, 1710 MHz, 66.46 W
2026/10/09 10:34:04.311, 64, 1710 MHz, 66.08 W
2026/10/09 10:34:05.311, 72, 1260 MHz, 208.84 W
2026/10/09 10:34:06.311, 71, 1710 MHz, 285.38 W
2026/10/09 10:34:07.311, 74, 1320 MHz, 275.48 W
2026/10/09 10:34:08.311, 74, 1275 MHz, 275.12 W
2026/10/09 10:34:09.311, 74, 1455 MHz, 294.18 W
2026/10/09 10:34:10.312, 75, 1455 MHz, 260.37 W
2026/10/09 10:34:11.312, 75, 1530 MHz, 279.46 W
2026/10/09 10:34:12.312, 76, 1425 MHz, 288.74 W
2026/10/09 10:34:13.312, 77, 1500 MHz, 292.63 W
2026/10/09 10:34:14.312, 75, 1560 MHz, 249.05 W
2026/10/09 10:34:15.312, 75, 1605 MHz, 265.69 W
2026/10/09 10:34:16.312, 71, 1710 MHz, 272.91 W
2026/10/09 10:34:17.313, 77, 1350 MHz, 263.30 W
2026/10/09 10:34:18.313, 77, 1515 MHz, 271.76 W
2026/10/09 10:34:19.313, 77, 1515 MHz, 291.69 W
2026/10/09 10:34:20.313, 77, 1515 MHz, 280.07 W
2026/10/09 10:34:21.313, 78, 1530 MHz, 292.55 W
2026/10/09 10:34:22.313, 78, 1710 MHz, 293.30 W
2026/10/09 10:34:23.314, 79, 1650 MHz, 286.75 W
2026/10/09 10:34:24.314, 80, 1665 MHz, 296.59 W
2026/10/09 10:34:25.314, 78, 1500 MHz, 202.17 W
2026/10/09 10:34:26.314, 79, 1650 MHz, 289.36 W
2026/10/09 10:34:27.314, 79, 1650 MHz, 290.74 W
2026/10/09 10:34:28.315, 80, 1620 MHz, 255.26 W
2026/10/09 10:34:29.315, 80, 1665 MHz, 292.57 W
2026/10/09 10:34:30.315, 80, 1710 MHz, 291.13 W
2026/10/09 10:34:31.315, 79, 1575 MHz, 242.50 W
2026/10/09 10:34:32.316, 79, 1260 MHz, 291.86 W
