time,gpu_power_w,gpu_temp_c,mem_temp_c,sm_mhz,mem_mhz,gpu_util,mem_used_mib,throttle,load1,mem_avail_mib
20:40:06,23.23,38,N/A,210,405,0,13958,0x0000000000000001,0.35,122558
20:40:08,23.38,38,N/A,210,405,0,13958,0x0000000000000001,0.35,122555
20:40:11,23.47,38,N/A,210,405,0,13958,0x0000000000000001,0.32,122553
20:40:13,23.28,38,N/A,210,405,0,13958,0x0000000000000001,0.32,122553
20:40:15,23.07,38,N/A,210,405,0,13958,0x0000000000000001,0.29,122550
20:40:17,23.46,38,N/A,210,405,0,13958,0x0000000000000001,0.29,122545
20:40:19,23.71,38,N/A,210,405,0,13958,0x0000000000000001,0.29,122540
20:40:21,23.83,38,N/A,210,405,0,13958,0x0000000000000001,0.27,122541
20:40:23,23.55,38,N/A,210,405,0,13958,0x0000000000000001,0.27,122543
20:40:25,23.69,38,N/A,210,405,0,13958,0x0000000000000001,0.33,122555
20:40:27,23.47,38,N/A,210,405,0,13958,0x0000000000000001,0.33,122555
20:40:29,23.29,38,N/A,210,405,0,13958,0x0000000000000001,0.33,122558
20:40:31,23.32,38,N/A,210,405,0,13958,0x0000000000000001,0.30,122557
20:40:33,23.16,38,N/A,210,405,0,13958,0x0000000000000001,0.30,122560
20:40:35,23.12,38,N/A,210,405,0,13958,0x0000000000000001,0.28,122560
20:40:37,23.31,38,N/A,210,405,0,13958,0x0000000000000001,0.28,122558
20:40:39,23.23,38,N/A,210,405,0,13958,0x0000000000000001,0.25,122558
20:40:41,23.03,37,N/A,210,405,0,13958,0x0000000000000001,0.25,122561
20:40:43,23.13,37,N/A,210,405,0,13958,0x0000000000000001,0.25,122560
20:40:45,23.08,37,N/A,210,405,0,13958,0x0000000000000001,0.23,122560
20:40:47,23.08,37,N/A,210,405,0,13958,0x0000000000000001,0.23,122560
20:40:49,23.08,37,N/A,210,405,0,13958,0x0000000000000001,0.21,122550
20:40:51,23.32,37,N/A,210,405,0,13958,0x0000000000000001,0.21,122550
20:40:54,23.38,37,N/A,210,405,0,13958,0x0000000000000001,0.21,122552
20:40:56,23.02,37,N/A,210,405,0,13958,0x0000000000000001,0.20,122546
20:40:58,22.99,37,N/A,210,405,0,13958,0x0000000000000001,0.20,122552
20:41:00,23.14,37,N/A,210,405,0,13958,0x0000000000000001,0.18,122550
20:41:02,23.34,37,N/A,210,405,0,13958,0x0000000000000001,0.18,122545
20:41:04,23.27,37,N/A,210,405,0,13958,0x0000000000000001,0.18,122545
20:41:06,23.17,37,N/A,210,405,0,13958,0x0000000000000001,0.17,122544
20:41:08,23.27,37,N/A,210,405,0,13958,0x0000000000000001,0.17,122536
20:41:10,23.16,37,N/A,210,405,0,13958,0x0000000000000001,0.23,122528
20:41:12,22.99,37,N/A,210,405,0,13958,0x0000000000000001,0.23,122527
20:41:14,23.07,37,N/A,210,405,0,13958,0x0000000000000001,0.23,122526
20:41:16,23.25,37,N/A,210,405,0,13958,0x0000000000000001,0.21,122531
20:41:18,23.34,37,N/A,210,405,0,13958,0x0000000000000001,0.21,122528
20:41:20,23.16,37,N/A,210,405,0,13958,0x0000000000000001,0.20,122518
20:41:22,23.23,37,N/A,210,405,0,13958,0x0000000000000001,0.20,122516
20:41:24,23.35,37,N/A,210,405,0,13958,0x0000000000000001,0.18,122517
20:41:26,23.25,37,N/A,210,405,0,13958,0x0000000000000001,0.18,122518
20:41:28,23.37,37,N/A,210,405,0,13958,0x0000000000000001,0.18,122522
20:41:30,23.38,37,N/A,210,405,0,13958,0x0000000000000001,0.17,122519
20:41:32,23.37,37,N/A,210,405,0,13958,0x0000000000000001,0.17,122531
20:41:34,23.32,37,N/A,210,405,0,13958,0x0000000000000001,0.15,122527
20:41:37,23.20,37,N/A,210,405,0,13958,0x0000000000000001,0.15,122522
20:41:39,22.98,36,N/A,210,405,0,13958,0x0000000000000001,0.15,122521
20:41:41,23.03,36,N/A,210,405,0,13958,0x0000000000000001,0.14,122522
20:41:43,23.21,36,N/A,210,405,0,13958,0x0000000000000001,0.14,122519
20:41:45,23.31,36,N/A,210,405,0,13958,0x0000000000000001,0.13,122522
20:41:47,23.14,36,N/A,210,405,0,13958,0x0000000000000001,0.13,122527
20:41:49,23.14,36,N/A,210,405,0,13958,0x0000000000000001,0.13,122527
20:41:51,23.15,36,N/A,210,405,0,13958,0x0000000000000001,0.12,122532
20:41:53,23.22,36,N/A,210,405,0,13958,0x0000000000000001,0.12,122526
20:41:55,23.29,36,N/A,210,405,0,13958,0x0000000000000001,0.11,122524
20:41:57,23.31,36,N/A,210,405,0,13958,0x0000000000000001,0.11,122525
20:41:59,23.17,36,N/A,210,405,0,13958,0x0000000000000001,0.11,122527
20:42:01,23.34,36,N/A,210,405,0,13958,0x0000000000000001,0.10,122525
20:42:03,23.28,36,N/A,210,405,0,13958,0x0000000000000001,0.10,122522
20:42:05,23.17,36,N/A,210,405,0,13958,0x0000000000000001,0.09,122520
20:42:07,23.22,36,N/A,210,405,0,13958,0x0000000000000001,0.09,122525
20:42:09,23.12,36,N/A,210,405,0,13958,0x0000000000000001,0.08,122524
20:42:11,22.95,36,N/A,210,405,0,13958,0x0000000000000001,0.08,122521
20:42:13,22.86,36,N/A,210,405,0,13958,0x0000000000000001,0.08,122530
20:42:15,22.85,36,N/A,210,405,0,13958,0x0000000000000001,1.04,122441
20:42:18,23.00,36,N/A,210,405,0,13958,0x0000000000000001,1.04,122436
20:42:20,23.29,36,N/A,210,405,0,13958,0x0000000000000001,0.95,122505
20:42:22,57.74,37,N/A,2505,9501,10,15329,0x0000000000000000,0.95,122149
20:42:24,57.99,37,N/A,2505,9501,21,16801,0x0000000000000000,0.95,122120
20:42:26,57.62,37,N/A,2505,9501,9,17825,0x0000000000000000,1.12,122194
20:42:28,58.35,38,N/A,2505,9501,3,19233,0x0000000000000000,1.12,122174
20:42:30,58.06,38,N/A,2505,9501,20,20737,0x0000000000000000,1.11,122250
20:42:32,57.80,38,N/A,2505,9501,2,21889,0x0000000000000000,1.11,122184
20:42:34,58.06,38,N/A,2505,9501,7,23233,0x0000000000000000,1.11,122089
20:42:36,60.20,43,N/A,2505,9501,61,24073,0x0000000000000000,1.10,121860
20:42:38,282.81,46,N/A,2370,9501,99,24073,0x0000000000000004,1.10,121846
20:42:40,283.39,48,N/A,2460,9501,99,24073,0x0000000000000004,1.09,121848
20:42:42,282.47,51,N/A,1560,9501,96,24073,0x0000000000000004,1.09,121840
20:42:44,209.08,45,N/A,2760,9501,9,13958,0x0000000000000000,1.09,122494
20:42:46,68.16,44,N/A,555,5001,0,13958,0x0000000000000001,1.00,122483
20:42:48,39.71,43,N/A,225,5001,0,13958,0x0000000000000001,1.00,122490
20:42:50,35.26,43,N/A,210,810,0,13958,0x0000000000000001,1.00,122494
20:42:52,28.17,42,N/A,210,405,0,13958,0x0000000000000001,1.00,122502
20:42:54,27.23,43,N/A,2505,9501,0,14393,0x0000000000000000,1.08,122259
20:42:56,61.46,43,N/A,2505,9501,10,15617,0x0000000000000000,1.08,122072
20:42:58,61.59,43,N/A,2505,9501,23,17377,0x0000000000000000,1.08,122083
20:43:00,61.38,43,N/A,2505,9501,10,19137,0x0000000000000000,1.08,122077
20:43:03,61.54,43,N/A,2505,9501,10,20993,0x0000000000000000,1.08,122220
20:43:05,61.72,43,N/A,2505,9501,24,22753,0x0000000000000000,1.07,122162
20:43:07,180.13,50,N/A,2775,9501,90,23657,0x0000000000000000,1.07,121892
20:43:09,78.75,44,N/A,2775,9501,0,13958,0x0000000000000000,1.07,122499
20:43:11,55.97,43,N/A,360,5001,0,13958,0x0000000000000001,0.98,122496
20:43:13,40.00,43,N/A,210,5001,0,13958,0x0000000000000001,0.98,122487
20:43:15,33.95,43,N/A,210,405,0,13958,0x0000000000000001,0.91,122487
20:43:17,26.31,42,N/A,210,405,0,13958,0x0000000000000001,0.91,122486
20:43:19,26.00,42,N/A,210,405,0,13958,0x0000000000000001,0.91,122483
20:43:21,26.07,42,N/A,210,405,0,13958,0x0000000000000001,0.91,122484
20:43:23,25.82,42,N/A,210,405,0,13958,0x0000000000000001,0.91,122485
20:43:25,25.77,42,N/A,210,405,0,13958,0x0000000000000001,0.84,122443
20:43:27,25.48,42,N/A,210,405,0,13958,0x0000000000000001,0.84,122439
20:43:29,26.05,42,N/A,210,405,0,13958,0x0000000000000001,0.84,122406
20:43:31,26.86,41,N/A,210,405,0,13958,0x0000000000000001,0.85,122489
20:43:33,25.61,41,N/A,210,405,0,13958,0x0000000000000001,0.85,122489
20:43:35,25.47,41,N/A,210,405,0,13958,0x0000000000000001,0.87,122445
20:43:37,25.05,41,N/A,210,405,0,13958,0x0000000000000001,0.87,122356
20:43:39,26.05,41,N/A,210,405,0,13958,0x0000000000000001,0.88,122358
20:43:41,26.20,41,N/A,210,405,0,13958,0x0000000000000001,0.88,122355
20:43:43,24.95,41,N/A,210,405,0,13958,0x0000000000000001,0.88,122338
20:43:46,24.88,41,N/A,210,405,0,13958,0x0000000000000001,0.89,122350
20:43:48,24.97,40,N/A,210,405,0,13958,0x0000000000000001,0.89,122335
20:43:50,25.19,40,N/A,210,405,0,13958,0x0000000000000001,1.06,122335
20:43:52,24.85,40,N/A,210,405,0,13958,0x0000000000000001,1.06,122330
20:43:54,25.52,40,N/A,210,405,0,13958,0x0000000000000001,1.06,122318
20:43:56,25.30,40,N/A,210,405,0,13958,0x0000000000000001,1.13,122273
20:43:58,25.34,40,N/A,210,405,0,13958,0x0000000000000001,1.13,122405
20:44:00,25.46,40,N/A,210,405,0,13958,0x0000000000000001,1.04,122446
20:44:02,24.71,40,N/A,210,405,0,13958,0x0000000000000001,1.04,122439
20:44:04,24.72,40,N/A,210,405,0,13958,0x0000000000000001,1.04,122442
20:44:06,24.29,40,N/A,210,405,0,13958,0x0000000000000001,0.96,122446
20:44:08,24.44,39,N/A,210,405,0,13958,0x0000000000000001,0.96,122443
20:44:10,24.56,39,N/A,210,405,0,13958,0x0000000000000001,0.88,122446
20:44:12,33.19,40,N/A,2505,9501,0,14461,0x0000000000000000,0.88,121436
20:44:14,59.73,40,N/A,2505,9501,14,15773,0x0000000000000000,0.88,121459
20:44:16,59.65,40,N/A,2505,9501,10,17565,0x0000000000000000,0.97,121412
20:44:18,60.28,41,N/A,2505,9501,10,19389,0x0000000000000000,0.97,121516
20:44:20,59.99,41,N/A,2505,9501,10,21213,0x0000000000000000,0.97,121419
20:44:22,60.13,41,N/A,2505,9501,10,23069,0x0000000000000000,0.97,121515
20:44:25,283.01,48,N/A,2085,9501,97,23717,0x0000000000000004,1.14,121097
20:44:27,184.02,44,N/A,2775,9501,9,13958,0x0000000000000000,1.14,122349
20:44:29,63.37,43,N/A,510,5001,0,13958,0x0000000000000001,1.14,122338
20:44:31,39.91,42,N/A,210,5001,0,13958,0x0000000000000001,1.12,122226
20:44:33,36.73,42,N/A,210,810,0,13958,0x0000000000000001,1.12,122372
20:44:35,30.07,42,N/A,210,405,0,13958,0x0000000000000001,1.11,122295
20:44:37,25.94,41,N/A,210,405,0,13958,0x0000000000000001,1.11,122429
20:44:39,26.26,41,N/A,210,405,0,13958,0x0000000000000001,1.11,122426
20:44:41,26.10,41,N/A,210,405,0,13958,0x0000000000000001,1.02,122427
20:44:43,25.10,41,N/A,210,405,0,13958,0x0000000000000001,1.02,122430
20:44:45,24.82,41,N/A,210,405,0,13958,0x0000000000000001,0.94,122433
20:44:47,24.28,41,N/A,210,405,0,13958,0x0000000000000001,0.94,122440
20:44:49,24.73,41,N/A,210,405,0,13958,0x0000000000000001,0.94,122438
20:44:51,24.74,41,N/A,210,405,0,13958,0x0000000000000001,0.87,122436
20:44:53,24.02,40,N/A,210,405,0,13958,0x0000000000000001,0.87,122436
20:44:55,24.49,40,N/A,210,405,0,13958,0x0000000000000001,0.80,122437
20:44:57,23.95,40,N/A,210,405,0,13958,0x0000000000000001,0.80,122430
20:44:59,24.39,40,N/A,210,405,0,13958,0x0000000000000001,0.73,122431
20:45:01,24.33,40,N/A,210,405,0,13958,0x0000000000000001,0.73,122432
20:45:03,24.52,40,N/A,210,405,0,13958,0x0000000000000001,0.73,122431
20:45:05,24.06,40,N/A,210,405,0,13958,0x0000000000000001,0.75,122430
20:45:08,24.42,40,N/A,210,405,0,13958,0x0000000000000001,0.75,122431
20:45:10,24.02,40,N/A,210,405,0,13958,0x0000000000000001,0.69,122433
20:45:12,24.97,40,N/A,210,405,0,13958,0x0000000000000001,0.69,122432
20:45:14,24.70,40,N/A,210,405,0,13958,0x0000000000000001,0.69,122430
20:45:16,24.95,39,N/A,210,405,0,13958,0x0000000000000001,0.72,122430
20:45:18,24.42,39,N/A,210,405,0,13958,0x0000000000000001,0.72,122425
20:45:20,24.73,39,N/A,210,405,0,13958,0x0000000000000001,0.66,122425
20:45:22,24.48,39,N/A,210,405,0,13958,0x0000000000000001,0.66,122426
20:45:24,24.48,39,N/A,210,405,0,13958,0x0000000000000001,0.66,122422
20:45:26,24.20,39,N/A,210,405,0,13958,0x0000000000000001,0.61,122424
20:45:28,24.65,39,N/A,210,405,0,13958,0x0000000000000001,0.61,122428
20:45:30,24.36,39,N/A,210,405,0,13958,0x0000000000000001,0.64,122431
20:45:32,23.95,39,N/A,210,405,0,13958,0x0000000000000001,0.64,122434
20:45:34,24.24,39,N/A,210,405,0,13958,0x0000000000000001,0.64,122434
20:45:36,24.06,39,N/A,210,405,0,13958,0x0000000000000001,0.59,122431
20:45:38,24.24,39,N/A,210,405,0,13958,0x0000000000000001,0.59,122426
20:45:40,24.17,39,N/A,210,405,0,13958,0x0000000000000001,0.54,122433
20:45:42,23.68,39,N/A,210,405,0,13958,0x0000000000000001,0.54,122434
20:45:44,23.63,38,N/A,210,405,0,13958,0x0000000000000001,0.50,122421
20:45:46,23.38,38,N/A,210,405,0,13958,0x0000000000000001,0.50,122436
20:45:48,23.42,38,N/A,210,405,0,13958,0x0000000000000001,0.50,122432
20:45:51,23.52,38,N/A,210,405,0,13958,0x0000000000000001,0.46,122431
20:45:53,23.67,38,N/A,210,405,0,13958,0x0000000000000001,0.46,122430
20:45:55,23.75,38,N/A,210,405,0,13958,0x0000000000000001,0.42,122388
20:45:57,23.15,38,N/A,210,405,0,13958,0x0000000000000001,0.42,122118
20:45:59,23.38,38,N/A,210,405,0,13958,0x0000000000000001,0.42,122266
20:46:01,22.94,38,N/A,210,405,0,13958,0x0000000000000001,0.55,121916
20:46:03,32.44,39,N/A,2505,9501,2,14529,0x0000000000000000,0.55,122121
20:46:05,58.12,39,N/A,2505,9501,14,15457,0x0000000000000000,0.66,122075
20:46:07,58.89,39,N/A,2505,9501,14,17025,0x0000000000000000,0.66,122161
20:46:09,58.99,39,N/A,2505,9501,11,18689,0x0000000000000000,0.66,122120
20:46:11,58.72,39,N/A,2505,9501,10,20321,0x0000000000000000,0.69,122016
20:46:13,58.98,39,N/A,2505,9501,10,22017,0x0000000000000000,0.69,122117
20:46:15,58.89,40,N/A,2505,9501,0,23561,0x0000000000000000,0.72,121851
20:46:17,281.58,48,N/A,1320,9501,98,23721,0x0000000000000004,0.72,121806
20:46:19,76.92,42,N/A,2775,9501,0,13958,0x0000000000000000,0.72,122412
20:46:21,54.19,41,N/A,360,5001,0,13958,0x0000000000000001,0.66,122411
20:46:23,38.06,41,N/A,210,5001,0,13958,0x0000000000000001,0.66,122418
20:46:25,35.60,41,N/A,210,810,0,13958,0x0000000000000001,0.61,122419
20:46:27,28.12,40,N/A,210,405,0,13958,0x0000000000000001,0.61,122424
20:46:29,24.36,40,N/A,210,405,0,13958,0x0000000000000001,0.72,122417
20:46:31,23.99,40,N/A,210,405,0,13958,0x0000000000000001,0.72,122407
20:46:34,24.15,40,N/A,210,405,0,13958,0x0000000000000001,0.72,122051
20:46:36,23.86,40,N/A,210,405,0,13958,0x0000000000000001,0.82,122054
20:46:38,24.43,40,N/A,210,405,0,13958,0x0000000000000001,0.82,122290
20:46:40,71.12,41,N/A,2775,9501,37,18785,0x0000000000000000,0.91,122107
20:46:42,77.27,42,N/A,2775,9501,6,23587,0x0000000000000000,0.91,122053
20:46:44,296.67,51,N/A,1485,9501,100,23907,0x0000000000000004,0.91,122049
20:46:46,298.06,52,N/A,1470,9501,100,23907,0x0000000000000004,0.92,122047
20:46:48,294.86,54,N/A,1140,9501,99,23907,0x0000000000000004,0.92,122044
20:46:50,297.59,55,N/A,1140,9501,100,23907,0x0000000000000004,1.01,122046
20:46:52,298.08,57,N/A,1215,9501,100,23907,0x0000000000000004,1.01,122051
20:46:54,275.35,52,N/A,2670,9501,96,14457,0x0000000000000000,1.01,122053
20:46:56,71.56,50,N/A,2760,9501,0,13958,0x0000000000000001,0.93,122417
20:46:58,42.92,48,N/A,210,5001,0,13958,0x0000000000000001,0.93,122295
20:47:00,64.92,49,N/A,2505,9501,23,15617,0x0000000000000000,0.93,122045
20:47:02,64.70,49,N/A,2505,9501,19,17377,0x0000000000000000,0.93,122025
20:47:04,64.79,49,N/A,2505,9501,11,19233,0x0000000000000000,0.93,122103
20:47:06,64.86,49,N/A,2505,9501,15,21025,0x0000000000000000,0.94,122151
20:47:08,64.96,49,N/A,2505,9501,14,22817,0x0000000000000000,0.94,122020
20:47:10,283.57,56,N/A,2085,9501,97,24105,0x0000000000000004,0.94,121786
20:47:12,293.39,57,N/A,2310,9501,99,24105,0x0000000000000004,0.94,121785
20:47:14,294.51,60,N/A,1545,9501,96,24105,0x0000000000000004,0.95,121781
20:47:16,291.50,60,N/A,1470,9501,99,24105,0x0000000000000004,0.95,121787
20:47:18,85.62,54,N/A,2760,9501,0,13958,0x0000000000000000,0.95,122410
20:47:21,59.83,53,N/A,345,5001,0,13958,0x0000000000000001,0.87,122408
20:47:23,44.26,52,N/A,210,810,0,13958,0x0000000000000001,0.87,122407
20:47:25,34.47,52,N/A,210,405,0,13958,0x0000000000000001,0.80,122403
20:47:27,31.74,51,N/A,210,405,0,13958,0x0000000000000001,0.80,122406
20:47:29,31.49,51,N/A,210,405,0,13958,0x0000000000000001,0.80,122403
20:47:31,31.60,51,N/A,210,405,0,13958,0x0000000000000001,0.74,122398
20:47:33,31.65,50,N/A,210,405,0,13958,0x0000000000000001,0.74,122411
20:47:35,31.47,50,N/A,210,405,0,13958,0x0000000000000001,0.76,122354
20:47:37,65.64,51,N/A,2505,9501,23,15197,0x0000000000000000,0.76,121422
20:47:39,65.74,51,N/A,2505,9501,14,17053,0x0000000000000000,0.76,121487
20:47:41,65.61,51,N/A,2505,9501,6,18845,0x0000000000000000,0.86,121568
20:47:43,65.67,51,N/A,2505,9501,23,20637,0x0000000000000000,0.86,121460
20:47:45,65.43,51,N/A,2505,9501,10,22493,0x0000000000000000,0.87,121522
20:47:47,197.96,58,N/A,1500,9501,100,24133,0x0000000000000004,0.87,121122
20:47:49,286.22,60,N/A,1515,9501,96,24133,0x0000000000000004,0.87,121054
20:47:51,288.81,61,N/A,1455,9501,98,24133,0x0000000000000004,0.88,121045
20:47:53,83.31,55,N/A,2760,9501,0,13958,0x0000000000000000,0.88,122330
20:47:55,67.22,54,N/A,615,5001,0,13958,0x0000000000000001,0.89,122327
20:47:57,44.81,53,N/A,255,5001,0,13958,0x0000000000000001,0.89,122316
20:47:59,36.16,52,N/A,210,405,0,13958,0x0000000000000001,0.90,122295
20:48:01,32.35,52,N/A,210,405,0,13958,0x0000000000000001,0.90,121937
20:48:04,32.27,51,N/A,210,405,0,13958,0x0000000000000001,0.90,122370
20:48:06,32.17,51,N/A,210,405,0,13958,0x0000000000000001,0.91,122407
20:48:08,32.05,51,N/A,210,405,0,13958,0x0000000000000001,0.91,122408
20:48:10,31.87,51,N/A,210,405,0,13958,0x0000000000000001,0.84,122404
20:48:12,31.79,50,N/A,210,405,0,13958,0x0000000000000001,0.84,122407
20:48:14,31.48,50,N/A,210,405,0,13958,0x0000000000000001,0.84,122404
20:48:16,31.38,50,N/A,210,405,0,13958,0x0000000000000001,0.85,122417
20:48:18,31.35,49,N/A,210,405,0,13958,0x0000000000000001,0.85,122416
20:48:20,31.45,49,N/A,210,405,0,13958,0x0000000000000001,0.78,122409
20:48:22,31.00,49,N/A,210,405,0,13958,0x0000000000000001,0.78,122408
20:48:24,30.84,49,N/A,210,405,0,13958,0x0000000000000001,0.78,122407
20:48:26,30.92,48,N/A,210,405,0,13958,0x0000000000000001,1.12,122409
20:48:28,30.77,48,N/A,210,405,0,13958,0x0000000000000001,1.12,122414
20:48:30,30.57,48,N/A,210,405,0,13958,0x0000000000000001,1.03,122413
20:48:32,30.45,48,N/A,210,405,0,13958,0x0000000000000001,1.03,122415
20:48:34,30.38,47,N/A,210,405,0,13958,0x0000000000000001,1.03,122413
20:48:36,30.10,47,N/A,210,405,0,13958,0x0000000000000001,0.95,122412
20:48:38,29.86,47,N/A,210,405,0,13958,0x0000000000000001,0.95,122409
20:48:40,29.86,47,N/A,210,405,0,13958,0x0000000000000001,1.03,122418
20:48:42,29.81,47,N/A,210,405,0,13958,0x0000000000000001,1.03,122421
20:48:44,29.08,46,N/A,210,405,0,13958,0x0000000000000001,1.03,122413
20:48:47,28.70,46,N/A,210,405,0,13958,0x0000000000000001,1.03,122413
20:48:49,28.38,46,N/A,210,405,0,13958,0x0000000000000001,1.03,122412
20:48:51,28.47,46,N/A,210,405,0,13958,0x0000000000000001,0.95,122412
20:48:53,28.45,46,N/A,210,405,0,13958,0x0000000000000001,0.95,122411
20:48:55,28.48,45,N/A,210,405,0,13958,0x0000000000000001,0.87,122415
20:48:57,28.27,45,N/A,210,405,0,13958,0x0000000000000001,0.87,122412
20:48:59,28.25,45,N/A,210,405,0,13958,0x0000000000000001,0.87,122407
20:49:01,28.20,45,N/A,210,405,0,13958,0x0000000000000001,0.80,122405
20:49:03,27.71,45,N/A,210,405,0,13958,0x0000000000000001,0.80,122382
20:49:05,27.41,45,N/A,210,405,0,13958,0x0000000000000001,0.73,122409
20:49:07,27.70,44,N/A,210,405,0,13958,0x0000000000000001,0.73,122409
20:49:09,27.54,44,N/A,210,405,0,13958,0x0000000000000001,0.73,122407
20:49:11,27.42,44,N/A,210,405,0,13958,0x0000000000000001,0.68,122410
20:49:13,27.47,44,N/A,210,405,0,13958,0x0000000000000001,0.68,122409
20:49:15,27.04,44,N/A,210,405,0,13958,0x0000000000000001,0.62,122409
20:49:17,26.59,44,N/A,210,405,0,13958,0x0000000000000001,0.62,122412
20:49:19,26.63,44,N/A,210,405,0,13958,0x0000000000000001,0.62,122412
20:49:21,26.89,43,N/A,210,405,0,13958,0x0000000000000001,0.57,122413
20:49:23,26.33,43,N/A,210,405,0,13958,0x0000000000000001,0.57,122410
20:49:25,25.97,43,N/A,210,405,0,13958,0x0000000000000001,0.53,122412
20:49:28,26.47,43,N/A,210,405,0,13958,0x0000000000000001,0.53,122396
20:49:30,26.42,43,N/A,210,405,0,13958,0x0000000000000001,0.56,122410
20:49:32,26.68,43,N/A,210,405,0,13958,0x0000000000000001,0.56,122407
20:49:34,26.24,43,N/A,210,405,0,13958,0x0000000000000001,0.56,122410
20:49:36,26.10,42,N/A,210,405,0,13958,0x0000000000000001,0.52,122406
20:49:38,25.99,42,N/A,210,405,0,13958,0x0000000000000001,0.52,122408
20:49:40,25.86,42,N/A,210,405,0,13958,0x0000000000000001,0.48,122409
20:49:42,25.74,42,N/A,210,405,0,13958,0x0000000000000001,0.48,122402
20:49:44,25.60,42,N/A,210,405,0,13958,0x0000000000000001,0.48,122403
20:49:46,25.40,42,N/A,210,405,0,13958,0x0000000000000001,0.44,122404
20:49:48,25.28,42,N/A,210,405,0,13958,0x0000000000000001,0.44,122399
20:49:50,25.16,42,N/A,210,405,0,13958,0x0000000000000001,0.48,122405
20:49:52,24.76,42,N/A,210,405,0,13958,0x0000000000000001,0.48,122404
20:49:54,24.82,41,N/A,210,405,0,13958,0x0000000000000001,0.48,122407
20:49:56,25.21,41,N/A,210,405,0,13958,0x0000000000000001,0.44,122404
20:49:58,24.79,41,N/A,210,405,0,13958,0x0000000000000001,0.44,122400
20:50:00,24.45,41,N/A,210,405,0,13958,0x0000000000000001,0.41,122399
20:50:02,24.49,41,N/A,210,405,0,13958,0x0000000000000001,0.41,122390
20:50:04,24.44,41,N/A,210,405,0,13958,0x0000000000000001,0.41,122407
20:50:06,24.24,41,N/A,210,405,0,13958,0x0000000000000001,0.38,122407
20:50:08,24.18,41,N/A,210,405,0,13958,0x0000000000000001,0.38,122408
20:50:11,24.46,41,N/A,210,405,0,13958,0x0000000000000001,0.35,122408
20:50:13,24.86,41,N/A,210,405,0,13958,0x0000000000000001,0.35,122411
20:50:15,24.60,40,N/A,210,405,0,13958,0x0000000000000001,0.32,122410
20:50:17,24.33,40,N/A,210,405,0,13958,0x0000000000000001,0.32,122410
20:50:19,24.07,40,N/A,210,405,0,13958,0x0000000000000001,0.32,122417
20:50:21,24.24,40,N/A,210,405,0,13958,0x0000000000000001,0.29,122416
20:50:23,24.64,40,N/A,210,405,0,13958,0x0000000000000001,0.29,122414
20:50:25,24.11,40,N/A,210,405,0,13958,0x0000000000000001,0.27,122414
20:50:27,23.90,40,N/A,210,405,0,13958,0x0000000000000001,0.27,122414
20:50:29,23.80,40,N/A,210,405,0,13958,0x0000000000000001,0.27,122408
20:50:31,24.04,40,N/A,210,405,0,13958,0x0000000000000001,0.25,122407
20:50:33,24.40,40,N/A,210,405,0,13958,0x0000000000000001,0.25,122390
20:50:35,24.01,40,N/A,210,405,0,13958,0x0000000000000001,0.23,122403
20:50:37,24.20,40,N/A,210,405,0,13958,0x0000000000000001,0.23,122411
20:50:39,24.32,39,N/A,210,405,0,13958,0x0000000000000001,0.23,122411
20:50:41,24.05,39,N/A,210,405,0,13958,0x0000000000000001,0.21,122407
20:50:43,24.05,39,N/A,210,405,0,13958,0x0000000000000001,0.21,122407
20:50:45,24.00,39,N/A,210,405,0,13958,0x0000000000000001,0.19,122274
20:50:47,24.03,39,N/A,210,405,0,13958,0x0000000000000001,0.19,122413
20:50:49,24.41,39,N/A,210,405,0,13958,0x0000000000000001,0.19,122407
20:50:51,24.46,39,N/A,210,405,0,13958,0x0000000000000001,0.18,122416
20:50:54,23.73,39,N/A,210,405,0,13958,0x0000000000000001,0.18,122419
20:50:56,23.95,39,N/A,210,405,0,13958,0x0000000000000001,0.24,122418
20:50:58,23.64,39,N/A,210,405,0,13958,0x0000000000000001,0.24,122266
20:51:00,23.75,39,N/A,210,405,0,13958,0x0000000000000001,0.30,122038
20:51:02,23.62,39,N/A,210,405,0,13958,0x0000000000000001,0.30,122004
20:51:04,23.49,39,N/A,210,405,0,13958,0x0000000000000001,0.30,122001
20:51:06,23.51,39,N/A,210,405,0,13958,0x0000000000000001,0.28,122407
20:51:08,23.52,39,N/A,210,405,0,13958,0x0000000000000001,0.28,122414
20:51:10,42.67,39,N/A,2505,9501,27,15329,0x0000000000000000,0.34,122119
20:51:12,68.32,40,N/A,2775,9501,40,19873,0x0000000000000000,0.34,122065
20:51:14,164.16,47,N/A,1515,9501,100,23939,0x0000000000000004,0.34,122057
20:51:16,296.29,50,N/A,1560,9501,100,23939,0x0000000000000004,0.39,122058
20:51:18,298.32,52,N/A,1320,9501,100,23939,0x0000000000000004,0.39,122053
20:51:20,293.48,53,N/A,1560,9501,98,23939,0x0000000000000004,0.52,122051
20:51:22,294.68,53,N/A,1380,9501,100,23939,0x0000000000000004,0.52,122046
20:51:24,299.18,56,N/A,1110,9501,100,24131,0x0000000000000004,0.52,122042
20:51:26,181.98,50,N/A,2760,9501,5,14433,0x0000000000000000,0.56,122032
20:51:28,68.11,49,N/A,2505,9501,10,15617,0x0000000000000000,0.56,121983
20:51:30,63.99,48,N/A,2505,9501,11,17473,0x0000000000000000,0.59,122103
20:51:32,63.79,48,N/A,2505,9501,14,19233,0x0000000000000000,0.59,122069
20:51:34,63.85,48,N/A,2505,9501,10,20993,0x0000000000000000,0.59,122071
20:51:36,63.55,48,N/A,2505,9501,14,22753,0x0000000000000000,0.71,122144
20:51:39,274.12,56,N/A,1680,9501,99,23689,0x0000000000000004,0.71,121815
20:51:41,254.66,52,N/A,2760,9501,69,13958,0x0000000000000000,0.73,122291
20:51:43,75.55,50,N/A,2505,9501,10,16001,0x0000000000000000,0.73,122102
20:51:45,65.32,50,N/A,2505,9501,10,17761,0x0000000000000000,0.75,122086
20:51:47,65.07,50,N/A,2505,9501,12,19521,0x0000000000000000,0.75,122088
20:51:49,65.28,49,N/A,2505,9501,10,21281,0x0000000000000000,0.75,122075
20:51:51,65.28,49,N/A,2505,9501,14,23041,0x0000000000000000,1.01,122087
20:51:53,294.55,58,N/A,885,9501,96,23849,0x0000000000000004,1.01,121796
20:51:55,292.39,58,N/A,2400,9501,99,23689,0x0000000000000004,1.01,121795
20:51:57,298.79,61,N/A,885,9501,95,23881,0x0000000000000004,1.01,121790
20:51:59,287.26,61,N/A,1665,9501,97,23913,0x0000000000000004,1.01,121785
20:52:01,107.32,56,N/A,2745,9501,0,13958,0x0000000000000000,1.09,122393
20:52:03,79.79,54,N/A,555,5001,0,13958,0x0000000000000001,1.09,122392
20:52:05,44.74,54,N/A,225,5001,0,13958,0x0000000000000001,1.00,122399
20:52:07,40.30,53,N/A,210,810,0,13958,0x0000000000000001,1.00,122403
20:52:09,32.26,53,N/A,210,405,0,13958,0x0000000000000001,1.00,122401
20:52:11,32.14,52,N/A,210,405,0,13958,0x0000000000000001,1.00,122400
20:52:13,56.24,53,N/A,2505,9501,10,14749,0x0000000000000000,1.00,121508
20:52:15,65.88,52,N/A,2505,9501,14,16093,0x0000000000000000,1.00,121481
20:52:17,65.96,52,N/A,2505,9501,10,17853,0x0000000000000000,1.00,121420
20:52:19,65.93,52,N/A,2505,9501,11,19709,0x0000000000000000,1.00,121402
20:52:21,66.03,52,N/A,2505,9501,10,21373,0x0000000000000000,1.08,121430
20:52:24,65.89,52,N/A,2505,9501,10,23229,0x0000000000000000,1.08,121559
20:52:26,283.17,60,N/A,1440,9501,100,23909,0x0000000000000004,1.08,121080
20:52:28,290.25,62,N/A,1530,9501,96,23909,0x0000000000000004,1.08,121051
20:52:30,291.45,63,N/A,1830,9501,99,23941,0x0000000000000004,1.07,121047
20:52:32,86.45,57,N/A,2760,9501,0,13958,0x0000000000000000,1.07,122304
20:52:34,54.82,55,N/A,525,5001,0,13958,0x0000000000000001,1.07,122312
20:52:36,44.53,54,N/A,210,810,0,13958,0x0000000000000001,1.14,122310
20:52:38,36.17,54,N/A,210,405,0,13958,0x0000000000000001,1.14,122290
20:52:40,32.68,54,N/A,210,405,0,13958,0x0000000000000001,1.13,121950
20:52:42,32.58,53,N/A,210,405,0,13958,0x0000000000000001,1.13,122384
20:52:44,32.53,53,N/A,210,405,0,13958,0x0000000000000001,1.13,122338
20:52:46,32.46,53,N/A,210,405,0,13958,0x0000000000000001,1.04,122420
20:52:48,32.35,52,N/A,210,405,0,13958,0x0000000000000001,1.04,122417
20:52:50,32.29,52,N/A,210,405,0,13958,0x0000000000000001,0.96,122416
20:52:52,32.20,52,N/A,210,405,0,13958,0x0000000000000001,0.96,122415
20:52:54,31.96,51,N/A,210,405,0,13958,0x0000000000000001,0.96,122408
20:52:56,31.94,51,N/A,210,405,0,13958,0x0000000000000001,0.88,122392
20:52:58,31.85,51,N/A,210,405,0,13958,0x0000000000000001,0.88,122407
20:53:00,31.82,50,N/A,210,405,0,13958,0x0000000000000001,0.81,122405
20:53:02,31.95,50,N/A,210,405,0,13958,0x0000000000000001,0.81,122407
20:53:04,31.78,50,N/A,210,405,0,13958,0x0000000000000001,0.81,122402
20:53:07,31.71,50,N/A,210,405,0,13958,0x0000000000000001,0.83,122412
20:53:09,31.18,49,N/A,210,405,0,13958,0x0000000000000001,0.83,122407
20:53:11,30.99,49,N/A,210,405,0,13958,0x0000000000000001,0.76,122403
20:53:13,30.99,49,N/A,210,405,0,13958,0x0000000000000001,0.76,122404
20:53:15,30.98,49,N/A,210,405,0,13958,0x0000000000000001,0.70,122403
20:53:17,30.70,48,N/A,210,405,0,13958,0x0000000000000001,0.70,122399
20:53:19,30.74,48,N/A,210,405,0,13958,0x0000000000000001,0.70,122402
20:53:21,30.49,48,N/A,210,405,0,13958,0x0000000000000001,0.72,122386
20:53:23,30.03,48,N/A,210,405,0,13958,0x0000000000000001,0.72,122401
20:53:25,30.44,48,N/A,210,405,0,13958,0x0000000000000001,0.66,122415
20:53:27,30.37,47,N/A,210,405,0,13958,0x0000000000000001,0.66,122406
20:53:29,30.06,47,N/A,210,405,0,13958,0x0000000000000001,0.66,122403
20:53:31,29.73,47,N/A,210,405,0,13958,0x0000000000000001,0.61,122400
20:53:33,29.42,47,N/A,210,405,0,13958,0x0000000000000001,0.61,122399
20:53:35,29.03,47,N/A,210,405,0,13958,0x0000000000000001,0.56,122399
20:53:37,28.96,46,N/A,210,405,0,13958,0x0000000000000001,0.56,122405
20:53:39,28.62,46,N/A,210,405,0,13958,0x0000000000000001,0.56,122403
20:53:41,28.50,46,N/A,210,405,0,13958,0x0000000000000001,0.52,122402
20:53:43,28.55,46,N/A,210,405,0,13958,0x0000000000000001,0.52,122399
20:53:45,28.55,46,N/A,210,405,0,13958,0x0000000000000001,0.47,122401
20:53:47,28.63,45,N/A,210,405,0,13958,0x0000000000000001,0.47,122405
20:53:50,28.44,45,N/A,210,405,0,13958,0x0000000000000001,0.47,122410
20:53:52,27.70,45,N/A,210,405,0,13958,0x0000000000000001,0.44,122392
20:53:54,27.90,45,N/A,210,405,0,13958,0x0000000000000001,0.44,122403
20:53:56,27.72,45,N/A,210,405,0,13958,0x0000000000000001,0.40,122401
20:53:58,27.37,45,N/A,210,405,0,13958,0x0000000000000001,0.40,122399
20:54:00,27.12,44,N/A,210,405,0,13958,0x0000000000000001,0.37,122400
20:54:02,27.18,44,N/A,210,405,0,13958,0x0000000000000001,0.37,122402
20:54:04,26.88,44,N/A,210,405,0,13958,0x0000000000000001,0.37,122403
20:54:06,27.38,44,N/A,210,405,0,13958,0x0000000000000001,0.34,122391
20:54:08,27.07,44,N/A,210,405,0,13958,0x0000000000000001,0.34,122403
20:54:10,27.49,44,N/A,210,405,0,13958,0x0000000000000001,0.31,122402
20:54:12,27.00,44,N/A,210,405,0,13958,0x0000000000000001,0.31,122397
20:54:14,27.17,43,N/A,210,405,0,13958,0x0000000000000001,0.31,122394
20:54:16,26.24,43,N/A,210,405,0,13958,0x0000000000000001,0.29,122394
20:54:18,26.06,43,N/A,210,405,0,13958,0x0000000000000001,0.29,122400
20:54:20,25.78,43,N/A,210,405,0,13958,0x0000000000000001,0.26,122403
20:54:22,25.68,43,N/A,210,405,0,13958,0x0000000000000001,0.26,122407
20:54:24,26.03,43,N/A,210,405,0,13958,0x0000000000000001,0.26,122406
20:54:26,26.23,43,N/A,210,405,0,13958,0x0000000000000001,0.24,122406
20:54:28,25.98,43,N/A,210,405,0,13958,0x0000000000000001,0.24,122404
20:54:30,25.97,42,N/A,210,405,0,13958,0x0000000000000001,0.22,122396
20:54:33,25.77,42,N/A,210,405,0,13958,0x0000000000000001,0.22,122403
20:54:35,26.04,42,N/A,210,405,0,13958,0x0000000000000001,0.22,122402
20:54:37,25.91,42,N/A,210,405,0,13958,0x0000000000000001,0.20,122397
20:54:39,25.99,42,N/A,210,405,0,13958,0x0000000000000001,0.20,122392
20:54:41,25.95,42,N/A,210,405,0,13958,0x0000000000000001,0.19,122394
20:54:43,26.02,42,N/A,210,405,0,13958,0x0000000000000001,0.19,122387
20:54:45,25.77,42,N/A,210,405,0,13958,0x0000000000000001,0.17,122390
20:54:47,25.59,42,N/A,210,405,0,13958,0x0000000000000001,0.17,122390
20:54:49,25.25,41,N/A,210,405,0,13958,0x0000000000000001,0.17,122387
20:54:51,25.52,41,N/A,210,405,0,13958,0x0000000000000001,0.16,122387
20:54:53,25.16,41,N/A,210,405,0,13958,0x0000000000000001,0.16,122383
20:54:55,24.97,41,N/A,210,405,0,13958,0x0000000000000001,0.23,122382
20:54:57,25.16,41,N/A,210,405,0,13958,0x0000000000000001,0.23,122388
20:54:59,25.19,41,N/A,210,405,0,13958,0x0000000000000001,0.23,122389
20:55:01,25.01,41,N/A,210,405,0,13958,0x0000000000000001,0.21,122385
20:55:03,25.18,41,N/A,210,405,0,13958,0x0000000000000001,0.21,122385
20:55:05,24.86,41,N/A,210,405,0,13958,0x0000000000000001,0.19,122384
20:55:07,24.78,41,N/A,210,405,0,13958,0x0000000000000001,0.19,122375
20:55:09,24.66,40,N/A,210,405,0,13958,0x0000000000000001,0.19,122391
20:55:11,24.42,40,N/A,210,405,0,13958,0x0000000000000001,0.34,122396
20:55:13,24.47,40,N/A,210,405,0,13958,0x0000000000000001,0.34,122394
20:55:16,24.73,40,N/A,210,405,0,13958,0x0000000000000001,0.31,122393
20:55:18,24.37,40,N/A,210,405,0,13958,0x0000000000000001,0.31,122397
20:55:20,24.54,40,N/A,210,405,0,13958,0x0000000000000001,0.31,122395
20:55:22,24.21,40,N/A,210,405,0,13958,0x0000000000000001,0.28,122394
20:55:24,24.03,40,N/A,210,405,0,13958,0x0000000000000001,0.28,122392
20:55:26,23.58,40,N/A,210,405,0,13958,0x0000000000000001,0.26,122391
20:55:28,23.83,40,N/A,210,405,0,13958,0x0000000000000001,0.26,122386
20:55:30,24.36,40,N/A,210,405,0,13958,0x0000000000000001,0.24,122397
20:55:32,24.74,40,N/A,210,405,0,13958,0x0000000000000001,0.24,122395
20:55:34,24.58,40,N/A,210,405,0,13958,0x0000000000000001,0.24,122396
20:55:36,24.60,39,N/A,210,405,0,13958,0x0000000000000001,0.22,122399
20:55:38,24.27,39,N/A,210,405,0,13958,0x0000000000000001,0.22,122391
20:55:40,24.27,39,N/A,210,405,0,13958,0x0000000000000001,0.20,122390
20:55:42,24.10,39,N/A,210,405,0,13958,0x0000000000000001,0.20,122390
20:55:44,24.35,39,N/A,210,405,0,13958,0x0000000000000001,0.20,122395
20:55:46,23.95,39,N/A,210,405,0,13958,0x0000000000000001,0.18,122402
20:55:48,24.08,39,N/A,210,405,0,13958,0x0000000000000001,0.18,122401
20:55:50,24.18,39,N/A,210,405,0,13958,0x0000000000000001,0.25,122238
20:55:52,24.12,39,N/A,210,405,0,13958,0x0000000000000001,0.25,121993
20:55:54,24.08,39,N/A,210,405,0,13958,0x0000000000000001,0.25,121966
20:55:56,23.76,39,N/A,210,405,0,13958,0x0000000000000001,1.43,122386
20:55:59,23.69,39,N/A,210,405,0,13958,0x0000000000000001,1.43,122390
20:56:01,23.66,39,N/A,210,405,0,13958,0x0000000000000001,1.32,122379
20:56:03,49.03,40,N/A,2505,9501,24,15841,0x0000000000000000,1.32,122085
20:56:05,60.68,40,N/A,2640,9501,43,19873,0x0000000000000000,1.32,122098
20:56:07,137.74,47,N/A,1665,9501,100,23939,0x0000000000000004,1.29,122005
20:56:09,291.39,50,N/A,1545,9501,100,23939,0x0000000000000004,1.29,122011
20:56:11,294.83,51,N/A,1485,9501,100,23939,0x0000000000000004,1.27,122009
20:56:13,295.15,52,N/A,1875,9501,97,23939,0x0000000000000004,1.27,121998
20:56:15,294.81,55,N/A,1380,9501,100,23939,0x0000000000000004,1.25,121995
20:56:17,295.70,56,N/A,1500,9501,100,23939,0x0000000000000004,1.25,122000
20:56:19,277.65,51,N/A,2760,9501,94,14457,0x0000000000000000,1.25,122007
20:56:21,75.26,49,N/A,2505,9501,21,15329,0x0000000000000000,1.23,122034
20:56:23,64.41,49,N/A,2505,9501,23,17153,0x0000000000000000,1.23,122080
20:56:25,63.88,48,N/A,2505,9501,14,18977,0x0000000000000000,1.21,122088
20:56:27,64.00,48,N/A,2505,9501,24,20769,0x0000000000000000,1.21,121947
20:56:29,63.86,48,N/A,2505,9501,14,22657,0x0000000000000000,1.21,122103
20:56:31,234.60,56,N/A,2385,9501,99,23689,0x0000000000000004,1.19,121769
20:56:33,273.98,57,N/A,2280,9501,100,23753,0x0000000000000004,1.19,121762
20:56:35,79.77,51,N/A,2760,9501,24,15457,0x0000000000000000,1.26,121969
20:56:37,65.11,50,N/A,2505,9501,10,17313,0x0000000000000000,1.26,122110
20:56:39,64.91,50,N/A,2505,9501,18,19137,0x0000000000000000,1.26,122024
20:56:41,64.88,50,N/A,2505,9501,24,20993,0x0000000000000000,1.24,122082
20:56:44,64.65,50,N/A,2505,9501,14,22785,0x0000000000000000,1.24,122102
20:56:46,279.26,57,N/A,1950,9501,100,23753,0x0000000000000004,1.22,121769
20:56:48,287.05,59,N/A,2505,9501,99,23689,0x0000000000000004,1.22,121760
20:56:50,288.01,61,N/A,2445,9501,99,23689,0x0000000000000004,1.22,121758
20:56:52,289.93,62,N/A,1605,9501,99,23849,0x0000000000000004,1.20,121758
20:56:54,285.78,58,N/A,2595,9501,90,20777,0x0000000000000004,1.20,121759
20:56:56,87.26,56,N/A,2760,9501,0,13958,0x0000000000000000,1.10,122370
20:56:58,60.78,55,N/A,465,5001,0,13958,0x0000000000000001,1.10,122375
20:57:00,43.58,54,N/A,210,810,0,13958,0x0000000000000001,1.01,122376
20:57:02,33.16,53,N/A,210,405,0,13958,0x0000000000000001,1.01,122305
20:57:04,66.06,54,N/A,2505,9501,13,15037,0x0000000000000000,1.01,121545
20:57:06,66.05,54,N/A,2505,9501,14,16381,0x0000000000000000,1.01,121514
20:57:08,66.03,54,N/A,2505,9501,24,18237,0x0000000000000000,1.01,121360
20:57:10,65.95,53,N/A,2505,9501,14,20029,0x0000000000000000,1.01,121524
20:57:12,66.11,53,N/A,2505,9501,21,21821,0x0000000000000000,1.01,121374
20:57:14,66.18,53,N/A,2505,9501,2,23621,0x0000000000000000,1.01,121130
20:57:16,281.48,63,N/A,1845,9501,99,23717,0x0000000000000004,1.01,121074
20:57:18,297.25,64,N/A,1500,9501,96,23877,0x0000000000000004,1.01,121039
20:57:20,290.04,65,N/A,1575,9501,99,23877,0x0000000000000004,1.09,121034
20:57:22,86.12,58,N/A,2745,9501,0,13958,0x0000000000000000,1.09,122285
20:57:24,58.95,56,N/A,345,5001,0,13958,0x0000000000000001,1.09,122253
20:57:26,43.04,56,N/A,210,810,0,13958,0x0000000000000001,1.16,122336
20:57:29,35.54,55,N/A,210,405,0,13958,0x0000000000000001,1.16,122367
20:57:31,32.58,55,N/A,210,405,0,13958,0x0000000000000001,1.07,122379
20:57:33,32.51,54,N/A,210,405,0,13958,0x0000000000000001,1.07,122375
20:57:35,32.55,54,N/A,210,405,0,13958,0x0000000000000001,1.07,122374
20:57:37,32.52,54,N/A,210,405,0,13958,0x0000000000000001,0.98,122377
20:57:39,32.49,53,N/A,210,405,0,13958,0x0000000000000001,0.98,122376
20:57:41,32.46,53,N/A,210,405,0,13958,0x0000000000000001,0.90,122375
20:57:43,32.42,53,N/A,210,405,0,13958,0x0000000000000001,0.90,122371
20:57:45,32.40,52,N/A,210,405,0,13958,0x0000000000000001,0.83,122366
20:57:47,32.31,52,N/A,210,405,0,13958,0x0000000000000001,0.83,122364
20:57:49,32.04,52,N/A,210,405,0,13958,0x0000000000000001,0.83,122364
20:57:51,31.95,51,N/A,210,405,0,13958,0x0000000000000001,0.77,122365
20:57:53,31.86,51,N/A,210,405,0,13958,0x0000000000000001,0.77,122363
20:57:55,31.89,51,N/A,210,405,0,13958,0x0000000000000001,0.78,122366
20:57:57,31.61,51,N/A,210,405,0,13958,0x0000000000000001,0.78,122376
20:57:59,31.59,50,N/A,210,405,0,13958,0x0000000000000001,0.78,122370
20:58:01,31.54,50,N/A,210,405,0,13958,0x0000000000000001,0.72,122374
20:58:03,31.39,50,N/A,210,405,0,13958,0x0000000000000001,0.72,122373
20:58:05,31.27,50,N/A,210,405,0,13958,0x0000000000000001,0.66,122373
20:58:07,30.82,49,N/A,210,405,0,13958,0x0000000000000001,0.66,122377
20:58:09,30.80,49,N/A,210,405,0,13958,0x0000000000000001,0.66,122364
20:58:12,30.74,49,N/A,210,405,0,13958,0x0000000000000001,0.69,122372
20:58:14,30.39,49,N/A,210,405,0,13958,0x0000000000000001,0.69,122364
20:58:16,30.13,48,N/A,210,405,0,13958,0x0000000000000001,0.63,122370
20:58:18,30.35,48,N/A,210,405,0,13958,0x0000000000000001,0.63,122370
20:58:20,30.36,48,N/A,210,405,0,13958,0x0000000000000001,0.63,122373
20:58:22,30.17,48,N/A,210,405,0,13958,0x0000000000000001,0.58,122372
20:58:24,30.14,48,N/A,210,405,0,13958,0x0000000000000001,0.58,122373
20:58:26,29.93,47,N/A,210,405,0,13958,0x0000000000000001,0.62,122370
20:58:28,29.97,47,N/A,210,405,0,13958,0x0000000000000001,0.62,122368
20:58:30,29.69,47,N/A,210,405,0,13958,0x0000000000000001,0.73,122352
20:58:32,29.17,47,N/A,210,405,0,13958,0x0000000000000001,0.73,122364
20:58:34,29.48,46,N/A,210,405,0,13958,0x0000000000000001,0.73,122204
20:58:36,28.97,46,N/A,210,405,0,13958,0x0000000000000001,1.95,121961
20:58:38,28.94,46,N/A,210,405,0,13958,0x0000000000000001,1.95,121991
20:58:40,28.93,46,N/A,210,405,0,13958,0x0000000000000001,3.16,121884
20:58:42,64.16,47,N/A,2505,9501,32,17665,0x0000000000000000,3.16,122061
20:58:44,76.72,47,N/A,2760,9501,42,22465,0x0000000000000000,3.16,122104
20:58:46,299.54,56,N/A,1245,9501,100,23939,0x0000000000000004,2.98,121993
20:58:48,298.19,57,N/A,1425,9501,100,23939,0x0000000000000004,2.98,121993
20:58:50,293.41,59,N/A,1320,9501,100,23939,0x0000000000000004,2.82,121994
20:58:52,299.24,60,N/A,1215,9501,100,23939,0x0000000000000004,2.82,121997
20:58:55,298.11,62,N/A,1185,9501,96,23939,0x0000000000000004,2.82,121999
20:58:57,298.70,63,N/A,1125,9501,98,24131,0x0000000000000004,2.68,122000
20:58:59,87.02,56,N/A,2745,9501,0,14721,0x0000000000000000,2.68,121958
20:59:01,66.43,55,N/A,2505,9501,14,16193,0x0000000000000000,2.54,121965
20:59:03,66.39,55,N/A,2505,9501,15,18049,0x0000000000000000,2.54,122028
20:59:05,66.37,55,N/A,2505,9501,14,19873,0x0000000000000000,2.54,122017
20:59:07,66.31,54,N/A,2505,9501,10,21633,0x0000000000000000,2.42,121940
20:59:09,66.32,54,N/A,2505,9501,0,23521,0x0000000000000000,2.42,122041
20:59:11,294.06,64,N/A,1335,9501,97,23721,0x0000000000000004,2.31,121765
20:59:13,103.00,57,N/A,2745,9501,24,14881,0x0000000000000000,2.31,121985
20:59:15,66.86,56,N/A,2505,9501,23,16737,0x0000000000000000,2.31,122077
20:59:17,66.55,56,N/A,2505,9501,14,18561,0x0000000000000000,2.28,122033
20:59:19,66.49,56,N/A,2505,9501,21,20321,0x0000000000000000,2.28,121938
20:59:21,66.44,55,N/A,2505,9501,14,22177,0x0000000000000000,2.26,122021
20:59:23,141.77,63,N/A,1095,9501,100,24041,0x0000000000000004,2.26,121769
20:59:25,290.39,65,N/A,1575,9501,98,23689,0x0000000000000004,2.16,121767
20:59:27,295.75,65,N/A,2145,9501,98,23689,0x0000000000000004,2.16,121770
20:59:29,296.28,67,N/A,1125,9501,98,23849,0x0000000000000004,2.16,121768
20:59:31,267.93,62,N/A,2745,9501,95,14463,0x0000000000000000,2.14,122047
20:59:33,88.10,60,N/A,585,5001,0,13958,0x0000000000000001,2.14,122380
20:59:35,45.02,59,N/A,240,5001,0,13958,0x0000000000000001,1.97,122381
20:59:37,40.57,58,N/A,210,810,0,13958,0x0000000000000001,1.97,122380
20:59:39,33.59,57,N/A,210,405,0,13958,0x0000000000000001,1.97,122381
20:59:42,32.88,57,N/A,210,405,0,13958,0x0000000000000001,1.81,122384
20:59:44,32.84,56,N/A,210,405,0,13958,0x0000000000000001,1.81,122383
20:59:46,32.87,56,N/A,210,405,0,13958,0x0000000000000001,1.67,122377
20:59:48,32.83,56,N/A,210,405,0,13958,0x0000000000000001,1.67,122375
20:59:50,32.76,55,N/A,210,405,0,13958,0x0000000000000001,1.67,122378
20:59:52,32.71,55,N/A,210,405,0,13958,0x0000000000000001,1.53,122382
20:59:54,32.76,54,N/A,210,405,0,13958,0x0000000000000001,1.53,122381
20:59:56,32.55,54,N/A,210,405,0,13958,0x0000000000000001,1.41,122379
20:59:58,32.61,54,N/A,210,405,0,13958,0x0000000000000001,1.41,122384
