2026/10/09 10:28:12.284, 39, 1410 MHz, 49.22 W
2026/10/09 10:28:13.286, 39, 1410 MHz, 65.74 W
2026/10/09 10:28:14.286, 39, 1410 MHz, 65.60 W
2026/10/09 10:28:15.286, 39, 1410 MHz, 65.57 W
2026/10/09 10:28:16.287, 39, 1410 MHz, 65.39 W
2026/10/09 10:28:17.287, 38, 1410 MHz, 65.28 W
2026/10/09 10:28:18.287, 38, 1410 MHz, 65.30 W
2026/10/09 10:28:19.287, 38, 1410 MHz, 65.24 W
2026/10/09 10:28:20.287, 38, 1410 MHz, 65.23 W
2026/10/09 10:28:21.287, 38, 1410 MHz, 65.14 W
2026/10/09 10:28:22.288, 38, 1410 MHz, 65.03 W
2026/10/09 10:28:23.288, 38, 1410 MHz, 65.04 W
2026/10/09 10:28:24.288, 38, 1410 MHz, 65.04 W
2026/10/09 10:28:25.288, 37, 1410 MHz, 64.94 W
2026/10/09 10:28:26.288, 45, 1410 MHz, 221.49 W
2026/10/09 10:28:27.289, 47, 1410 MHz, 323.78 W
2026/10/09 10:28:28.289, 47, 1395 MHz, 312.48 W
2026/10/09 10:28:29.289, 48, 1380 MHz, 342.50 W
2026/10/09 10:28:30.289, 46, 1410 MHz, 297.59 W
2026/10/09 10:28:31.289, 45, 1410 MHz, 321.82 W
2026/10/09 10:28:32.290, 49, 1335 MHz, 349.03 W
2026/10/09 10:28:33.290, 50, 1365 MHz, 344.84 W
2026/10/09 10:28:34.290, 51, 1380 MHz, 340.74 W
2026/10/09 10:28:35.290, 50, 1365 MHz, 269.86 W
2026/10/09 10:28:36.290, 52, 1380 MHz, 346.62 W
2026/10/09 10:28:37.291, 52, 1410 MHz, 315.36 W
2026/10/09 10:28:38.291, 53, 1410 MHz, 313.68 W
2026/10/09 10:28:39.291, 46, 1410 MHz, 302.49 W
2026/10/09 10:28:40.291, 44, 1410 MHz, 67.40 W
2026/10/09 10:28:41.291, 43, 1410 MHz, 66.59 W
2026/10/09 10:28:42.292, 43, 1410 MHz, 66.44 W
2026/10/09 10:28:43.292, 42, 1410 MHz, 65.99 W
2026/10/09 10:28:44.292, 42, 1410 MHz, 65.92 W
2026/10/09 10:28:45.292, 41, 1410 MHz, 66.04 W
2026/10/09 10:28:46.292, 41, 1410 MHz, 65.93 W
2026/10/09 10:28:47.293, 41, 1410 MHz, 65.78 W
2026/10/09 10:28:48.293, 41, 1410 MHz, 65.69 W
2026/10/09 10:28:49.293, 40, 1410 MHz, 65.56 W
2026/10/09 10:28:50.293, 40, 1410 MHz, 65.48 W
2026/10/09 10:28:51.293, 40, 1410 MHz, 65.39 W
2026/10/09 10:28:52.294, 40, 1410 MHz, 65.35 W
2026/10/09 10:28:53.294, 40, 1410 MHz, 68.76 W
2026/10/09 10:28:54.294, 47, 1410 MHz, 132.93 W
2026/10/09 10:28:55.294, 44, 1410 MHz, 240.12 W
2026/10/09 10:28:56.294, 45, 1410 MHz, 234.20 W
2026/10/09 10:28:57.295, 49, 1335 MHz, 307.92 W
2026/10/09 10:28:58.295, 41, 1410 MHz, 123.85 W
2026/10/09 10:28:59.295, 40, 1410 MHz, 65.88 W
2026/10/09 10:29:00.295, 40, 1410 MHz, 65.58 W
2026/10/09 10:29:01.295, 40, 1410 MHz, 65.30 W
2026/10/09 10:29:02.296, 40, 1410 MHz, 65.22 W
2026/10/09 10:29:03.296, 39, 1410 MHz, 65.19 W
2026/10/09 10:29:04.296, 39, 1410 MHz, 65.19 W
2026/10/09 10:29:05.296, 39, 1410 MHz, 65.11 W
2026/10/09 10:29:06.296, 39, 1410 MHz, 65.02 W
2026/10/09 10:29:07.297, 39, 1410 MHz, 64.98 W
2026/10/09 10:29:08.297, 38, 1410 MHz, 64.85 W
2026/10/09 10:29:09.297, 38, 1410 MHz, 64.77 W
2026/10/09 10:29:10.298, 38, 1410 MHz, 64.79 W
2026/10/09 10:29:11.298, 46, 1410 MHz, 200.00 W
2026/10/09 10:29:12.298, 47, 1410 MHz, 322.99 W
2026/10/09 10:29:13.298, 47, 1395 MHz, 312.64 W
2026/10/09 10:29:14.298, 48, 1410 MHz, 345.97 W
2026/10/09 10:29:15.299, 49, 1410 MHz, 302.91 W
2026/10/09 10:29:16.299, 50, 1380 MHz, 327.98 W
2026/10/09 10:29:17.299, 50, 1275 MHz, 346.53 W
2026/10/09 10:29:18.299, 51, 1380 MHz, 342.52 W
2026/10/09 10:29:19.300, 52, 1410 MHz, 341.85 W
2026/10/09 10:29:20.300, 50, 1395 MHz, 255.32 W
2026/10/09 10:29:21.300, 52, 1275 MHz, 347.71 W
2026/10/09 10:29:22.300, 52, 1410 MHz, 305.80 W
2026/10/09 10:29:23.301, 53, 1395 MHz, 310.70 W
2026/10/09 10:29:24.301, 47, 1410 MHz, 305.68 W
2026/10/09 10:29:25.301, 44, 1410 MHz, 67.77 W
2026/10/09 10:29:26.301, 43, 1410 MHz, 66.64 W
2026/10/09 10:29:27.301, 43, 1410 MHz, 66.50 W
2026/10/09 10:29:28.302, 42, 1410 MHz, 66.40 W
2026/10/09 10:29:29.302, 42, 1410 MHz, 66.04 W
2026/10/09 10:29:30.302, 42, 1410 MHz, 66.11 W
2026/10/09 10:29:31.302, 41, 1410 MHz, 65.95 W
2026/10/09 10:29:32.302, 41, 1410 MHz, 65.94 W
2026/10/09 10:29:33.303, 41, 1410 MHz, 65.83 W
2026/10/09 10:29:34.303, 41, 1410 MHz, 65.79 W
2026/10/09 10:29:35.303, 40, 1410 MHz, 65.67 W
2026/10/09 10:29:36.303, 40, 1410 MHz, 65.59 W
2026/10/09 10:29:37.303, 40, 1410 MHz, 65.37 W
2026/10/09 10:29:38.304, 45, 1410 MHz, 216.08 W
2026/10/09 10:29:39.304, 45, 1410 MHz, 240.96 W
2026/10/09 10:29:40.304, 47, 1395 MHz, 250.90 W
2026/10/09 10:29:41.304, 44, 1410 MHz, 298.79 W
2026/10/09 10:29:42.304, 41, 1410 MHz, 66.64 W
2026/10/09 10:29:43.305, 41, 1410 MHz, 65.53 W
2026/10/09 10:29:44.305, 40, 1410 MHz, 65.79 W
2026/10/09 10:29:45.305, 40, 1410 MHz, 65.53 W
2026/10/09 10:29:46.305, 40, 1410 MHz, 65.48 W
2026/10/09 10:29:47.305, 40, 1410 MHz, 65.28 W
2026/10/09 10:29:48.306, 39, 1410 MHz, 65.27 W
2026/10/09 10:29:49.306, 39, 1410 MHz, 65.13 W
2026/10/09 10:29:50.306, 39, 1410 MHz, 65.09 W
2026/10/09 10:29:51.306, 39, 1410 MHz, 64.99 W
2026/10/09 10:29:52.306, 39, 1410 MHz, 64.90 W
2026/10/09 10:29:53.307, 38, 1410 MHz, 64.86 W
2026/10/09 10:29:54.307, 38, 1410 MHz, 64.75 W
2026/10/09 10:29:55.307, 43, 1380 MHz, 209.77 W
2026/10/09 10:29:56.307, 47, 1350 MHz, 312.33 W
2026/10/09 10:29:57.308, 48, 1410 MHz, 321.91 W
2026/10/09 10:29:58.308, 49, 1395 MHz, 338.35 W
2026/10/09 10:29:59.308, 44, 1410 MHz, 314.23 W
2026/10/09 10:30:00.308, 50, 1395 MHz, 337.14 W
2026/10/09 10:30:01.309, 51, 1140 MHz, 330.89 W
2026/10/09 10:30:02.309, 51, 1275 MHz, 337.64 W
2026/10/09 10:30:03.309, 51, 1320 MHz, 339.37 W
2026/10/09 10:30:04.309, 52, 1335 MHz, 338.97 W
2026/10/09 10:30:05.309, 52, 1065 MHz, 265.61 W
2026/10/09 10:30:06.310, 53, 1365 MHz, 350.47 W
2026/10/09 10:30:07.310, 53, 1395 MHz, 308.58 W
2026/10/09 10:30:08.310, 50, 1380 MHz, 298.55 W
2026/10/09 10:30:09.310, 53, 1305 MHz, 353.39 W
2026/10/09 10:30:10.311, 45, 1410 MHz, 103.60 W
2026/10/09 10:30:11.311, 44, 1410 MHz, 67.00 W
2026/10/09 10:30:12.311, 43, 1410 MHz, 66.67 W
2026/10/09 10:30:13.311, 43, 1410 MHz, 66.42 W
2026/10/09 10:30:14.311, 43, 1410 MHz, 66.27 W
2026/10/09 10:30:15.312, 42, 1410 MHz, 65.98 W
2026/10/09 10:30:16.312, 42, 1410 MHz, 65.94 W
2026/10/09 10:30:17.312, 42, 1410 MHz, 65.77 W
2026/10/09 10:30:18.312, 41, 1410 MHz, 65.66 W
2026/10/09 10:30:19.312, 41, 1410 MHz, 65.46 W
2026/10/09 10:30:20.313, 41, 1410 MHz, 65.56 W
2026/10/09 10:30:21.313, 41, 1410 MHz, 65.56 W
2026/10/09 10:30:22.313, 40, 1410 MHz, 65.49 W
2026/10/09 10:30:23.313, 44, 1410 MHz, 187.38 W
2026/10/09 10:30:24.313, 44, 1410 MHz, 208.11 W
2026/10/09 10:30:25.314, 45, 1410 MHz, 229.66 W
2026/10/09 10:30:26.314, 49, 1410 MHz, 273.99 W
2026/10/09 10:30:27.314, 43, 1410 MHz, 230.28 W
2026/10/09 10:30:28.314, 41, 1410 MHz, 66.16 W
2026/10/09 10:30:29.315, 41, 1410 MHz, 65.82 W
2026/10/09 10:30:30.315, 41, 1410 MHz, 65.42 W
2026/10/09 10:30:31.315, 40, 1410 MHz, 65.30 W
2026/10/09 10:30:32.315, 40, 1410 MHz, 65.15 W
2026/10/09 10:30:33.315, 40, 1410 MHz, 65.06 W
2026/10/09 10:30:34.316, 40, 1410 MHz, 65.28 W
2026/10/09 10:30:35.316, 39, 1410 MHz, 65.33 W
2026/10/09 10:30:36.316, 39, 1410 MHz, 65.06 W
2026/10/09 10:30:37.316, 39, 1410 MHz, 65.61 W
2026/10/09 10:30:38.316, 39, 1410 MHz, 65.49 W
2026/10/09 10:30:39.317, 39, 1410 MHz, 65.54 W
2026/10/09 10:30:40.317, 39, 1410 MHz, 65.48 W
2026/10/09 10:30:41.317, 46, 1395 MHz, 268.06 W
2026/10/09 10:30:42.317, 48, 1380 MHz, 320.84 W
2026/10/09 10:30:43.318, 46, 1410 MHz, 317.90 W
2026/10/09 10:30:44.318, 49, 1380 MHz, 348.92 W
2026/10/09 10:30:45.318, 49, 1395 MHz, 317.72 W
2026/10/09 10:30:46.318, 50, 1410 MHz, 316.42 W
2026/10/09 10:30:47.318, 51, 1320 MHz, 343.84 W
2026/10/09 10:30:48.319, 51, 1395 MHz, 333.80 W
2026/10/09 10:30:49.319, 51, 1335 MHz, 338.24 W
2026/10/09 10:30:50.319, 51, 1245 MHz, 340.01 W
2026/10/09 10:30:51.319, 52, 1395 MHz, 270.90 W
2026/10/09 10:30:52.320, 53, 1365 MHz, 354.98 W
2026/10/09 10:30:53.320, 53, 1365 MHz, 320.66 W
2026/10/09 10:30:54.320, 53, 1410 MHz, 292.70 W
2026/10/09 10:30:55.320, 47, 1410 MHz, 305.33 W
2026/10/09 10:30:56.321, 45, 1410 MHz, 67.76 W
2026/10/09 10:30:57.321, 44, 1410 MHz, 66.90 W
2026/10/09 10:30:58.321, 43, 1410 MHz, 66.61 W
2026/10/09 10:30:59.321, 43, 1410 MHz, 66.35 W
2026/10/09 10:31:00.321, 43, 1410 MHz, 66.20 W
2026/10/09 10:31:01.322, 42, 1410 MHz, 66.03 W
2026/10/09 10:31:02.322, 42, 1410 MHz, 65.96 W
2026/10/09 10:31:03.322, 42, 1410 MHz, 65.75 W
2026/10/09 10:31:04.322, 41, 1410 MHz, 65.65 W
2026/10/09 10:31:05.322, 41, 1410 MHz, 65.50 W
2026/10/09 10:31:06.323, 41, 1410 MHz, 65.31 W
2026/10/09 10:31:07.323, 41, 1410 MHz, 65.36 W
2026/10/09 10:31:08.323, 40, 1410 MHz, 65.23 W
2026/10/09 10:31:09.323, 45, 1410 MHz, 195.70 W
2026/10/09 10:31:10.323, 45, 1410 MHz, 208.02 W
2026/10/09 10:31:11.324, 45, 1410 MHz, 230.99 W
2026/10/09 10:31:12.324, 50, 1290 MHz, 276.10 W
2026/10/09 10:31:13.324, 42, 1410 MHz, 191.88 W
2026/10/09 10:31:14.324, 41, 1410 MHz, 66.49 W
2026/10/09 10:31:15.324, 41, 1410 MHz, 66.29 W
2026/10/09 10:31:16.325, 41, 1410 MHz, 66.33 W
2026/10/09 10:31:17.325, 40, 1410 MHz, 66.05 W
2026/10/09 10:31:18.325, 40, 1410 MHz, 65.99 W
2026/10/09 10:31:19.325, 40, 1410 MHz, 65.89 W
2026/10/09 10:31:20.325, 40, 1410 MHz, 65.79 W
2026/10/09 10:31:21.326, 39, 1410 MHz, 65.76 W
2026/10/09 10:31:22.326, 39, 1410 MHz, 65.67 W
2026/10/09 10:31:23.326, 39, 1410 MHz, 65.58 W
2026/10/09 10:31:24.326, 39, 1410 MHz, 65.62 W
2026/10/09 10:31:25.326, 39, 1410 MHz, 65.53 W
2026/10/09 10:31:26.327, 44, 1365 MHz, 143.97 W
2026/10/09 10:31:27.327, 47, 1410 MHz, 313.60 W
2026/10/09 10:31:28.327, 47, 1410 MHz, 315.69 W
2026/10/09 10:31:29.327, 49, 1395 MHz, 335.31 W
2026/10/09 10:31:30.327, 49, 1380 MHz, 315.75 W
2026/10/09 10:31:31.328, 49, 1365 MHz, 318.79 W
2026/10/09 10:31:32.328, 51, 1410 MHz, 343.48 W
2026/10/09 10:31:33.328, 51, 1395 MHz, 339.11 W
2026/10/09 10:31:34.328, 52, 1380 MHz, 344.02 W
2026/10/09 10:31:35.329, 46, 1410 MHz, 295.84 W
2026/10/09 10:31:36.329, 52, 1320 MHz, 315.34 W
2026/10/09 10:31:37.329, 52, 1380 MHz, 305.67 W
2026/10/09 10:31:38.329, 51, 1380 MHz, 301.27 W
2026/10/09 10:31:39.329, 53, 1320 MHz, 348.79 W
2026/10/09 10:31:40.330, 45, 1410 MHz, 102.46 W
2026/10/09 10:31:41.330, 44, 1410 MHz, 66.92 W
2026/10/09 10:31:42.330, 43, 1410 MHz, 66.55 W
2026/10/09 10:31:43.330, 43, 1410 MHz, 66.37 W
2026/10/09 10:31:44.330, 42, 1410 MHz, 66.17 W
2026/10/09 10:31:45.331, 42, 1410 MHz, 66.01 W
2026/10/09 10:31:46.331, 42, 1410 MHz, 65.92 W
2026/10/09 10:31:47.331, 42, 1410 MHz, 65.65 W
2026/10/09 10:31:48.331, 41, 1410 MHz, 65.55 W
2026/10/09 10:31:49.332, 41, 1410 MHz, 65.54 W
2026/10/09 10:31:50.332, 41, 1410 MHz, 65.71 W
2026/10/09 10:31:51.332, 40, 1410 MHz, 65.61 W
2026/10/09 10:31:52.332, 40, 1410 MHz, 65.50 W
2026/10/09 10:31:53.332, 45, 1410 MHz, 176.20 W
2026/10/09 10:31:54.333, 45, 1410 MHz, 238.85 W
2026/10/09 10:31:55.333, 46, 1410 MHz, 242.65 W
2026/10/09 10:31:56.333, 50, 1290 MHz, 331.52 W
2026/10/09 10:31:57.333, 42, 1410 MHz, 82.47 W
2026/10/09 10:31:58.334, 41, 1410 MHz, 65.94 W
2026/10/09 10:31:59.334, 41, 1410 MHz, 65.52 W
2026/10/09 10:32:00.334, 40, 1410 MHz, 65.53 W
2026/10/09 10:32:01.334, 40, 1410 MHz, 65.58 W
2026/10/09 10:32:02.334, 40, 1410 MHz, 65.40 W
2026/10/09 10:32:03.335, 40, 1410 MHz, 65.37 W
2026/10/09 10:32:04.335, 40, 1410 MHz, 65.35 W
2026/10/09 10:32:05.335, 39, 1410 MHz, 65.18 W
2026/10/09 10:32:06.335, 39, 1410 MHz, 65.16 W
2026/10/09 10:32:07.335, 39, 1410 MHz, 65.03 W
2026/10/09 10:32:08.336, 39, 1410 MHz, 65.03 W
2026/10/09 10:32:09.336, 39, 1410 MHz, 64.88 W
2026/10/09 10:32:10.336, 47, 1410 MHz, 200.63 W
2026/10/09 10:32:11.336, 47, 1410 MHz, 317.86 W
2026/10/09 10:32:12.337, 48, 1410 MHz, 309.82 W
2026/10/09 10:32:13.337, 49, 1380 MHz, 344.11 W
2026/10/09 10:32:14.337, 50, 1380 MHz, 313.05 W
2026/10/09 10:32:15.337, 50, 1395 MHz, 317.65 W
2026/10/09 10:32:16.337, 51, 1275 MHz, 344.33 W
2026/10/09 10:32:17.338, 51, 1335 MHz, 337.30 W
2026/10/09 10:32:18.338, 52, 1410 MHz, 337.30 W
2026/10/09 10:32:19.338, 45, 1410 MHz, 279.32 W
2026/10/09 10:32:20.338, 53, 1395 MHz, 332.76 W
2026/10/09 10:32:21.339, 53, 1410 MHz, 311.80 W
2026/10/09 10:32:22.339, 52, 1410 MHz, 301.20 W
2026/10/09 10:32:23.339, 54, 1410 MHz, 349.64 W
2026/10/09 10:32:24.339, 45, 1410 MHz, 68.40 W
2026/10/09 10:32:25.339, 44, 1410 MHz, 66.95 W
2026/10/09 10:32:26.340, 43, 1410 MHz, 66.63 W
2026/10/09 10:32:27.340, 43, 1410 MHz, 66.33 W
2026/10/09 10:32:28.340, 43, 1410 MHz, 66.16 W
2026/10/09 10:32:29.340, 42, 1410 MHz, 66.05 W
2026/10/09 10:32:30.341, 42, 1410 MHz, 66.05 W
2026/10/09 10:32:31.341, 42, 1410 MHz, 66.04 W
2026/10/09 10:32:32.341, 41, 1410 MHz, 65.97 W
2026/10/09 10:32:33.341, 41, 1410 MHz, 65.85 W
2026/10/09 10:32:34.341, 41, 1410 MHz, 65.74 W
2026/10/09 10:32:35.342, 41, 1410 MHz, 65.61 W
2026/10/09 10:32:36.342, 40, 1410 MHz, 65.55 W
2026/10/09 10:32:37.342, 45, 1410 MHz, 226.45 W
2026/10/09 10:32:38.342, 45, 1410 MHz, 234.83 W
2026/10/09 10:32:39.343, 48, 1380 MHz, 255.36 W
2026/10/09 10:32:40.343, 44, 1410 MHz, 303.08 W
2026/10/09 10:32:41.343, 41, 1410 MHz, 66.53 W
2026/10/09 10:32:42.343, 41, 1410 MHz, 65.70 W
2026/10/09 10:32:43.343, 41, 1410 MHz, 65.61 W
2026/10/09 10:32:44.343, 40, 1410 MHz, 65.59 W
2026/10/09 10:32:45.344, 40, 1410 MHz, 65.56 W
2026/10/09 10:32:46.344, 40, 1410 MHz, 65.40 W
2026/10/09 10:32:47.344, 40, 1410 MHz, 65.35 W
2026/10/09 10:32:48.344, 39, 1410 MHz, 65.28 W
2026/10/09 10:32:49.344, 39, 1410 MHz, 65.17 W
2026/10/09 10:32:50.345, 39, 1410 MHz, 65.07 W
2026/10/09 10:32:51.345, 39, 1410 MHz, 65.00 W
2026/10/09 10:32:52.345, 39, 1410 MHz, 64.95 W
2026/10/09 10:32:53.345, 39, 1410 MHz, 64.83 W
2026/10/09 10:32:54.345, 46, 1395 MHz, 212.86 W
2026/10/09 10:32:55.346, 48, 1395 MHz, 318.93 W
2026/10/09 10:32:56.346, 48, 1395 MHz, 312.55 W
2026/10/09 10:32:57.346, 47, 1410 MHz, 336.77 W
2026/10/09 10:32:58.346, 47, 1410 MHz, 307.80 W
2026/10/09 10:32:59.347, 50, 1410 MHz, 329.55 W
2026/10/09 10:33:00.347, 50, 1350 MHz, 338.76 W
2026/10/09 10:33:01.347, 51, 1365 MHz, 342.26 W
2026/10/09 10:33:02.347, 52, 1410 MHz, 336.89 W
2026/10/09 10:33:03.347, 51, 1410 MHz, 259.33 W
2026/10/09 10:33:04.348, 52, 1260 MHz, 357.24 W
2026/10/09 10:33:05.348, 53, 1410 MHz, 309.58 W
2026/10/09 10:33:06.348, 53, 1380 MHz, 312.04 W
2026/10/09 10:33:07.348, 47, 1410 MHz, 290.25 W
2026/10/09 10:33:08.349, 44, 1410 MHz, 67.72 W
2026/10/09 10:33:09.349, 44, 1410 MHz, 66.84 W
2026/10/09 10:33:10.349, 43, 1410 MHz, 66.53 W
2026/10/09 10:33:11.349, 43, 1410 MHz, 66.21 W
2026/10/09 10:33:12.349, 42, 1410 MHz, 65.96 W
2026/10/09 10:33:13.350, 42, 1410 MHz, 65.99 W
2026/10/09 10:33:14.350, 42, 1410 MHz, 65.98 W
2026/10/09 10:33:15.350, 41, 1410 MHz, 66.06 W
2026/10/09 10:33:16.350, 41, 1410 MHz, 65.88 W
2026/10/09 10:33:17.350, 41, 1410 MHz, 65.78 W
2026/10/09 10:33:18.350, 41, 1410 MHz, 65.65 W
2026/10/09 10:33:19.351, 40, 1410 MHz, 65.55 W
2026/10/09 10:33:20.351, 40, 1410 MHz, 65.49 W
2026/10/09 10:33:21.351, 45, 1410 MHz, 253.95 W
2026/10/09 10:33:22.351, 45, 1410 MHz, 233.81 W
2026/10/09 10:33:23.352, 49, 1395 MHz, 268.44 W
2026/10/09 10:33:24.352, 42, 1410 MHz, 246.69 W
2026/10/09 10:33:25.352, 41, 1410 MHz, 66.21 W
2026/10/09 10:33:26.352, 41, 1410 MHz, 65.98 W
2026/10/09 10:33:27.352, 40, 1410 MHz, 65.80 W
2026/10/09 10:33:28.353, 40, 1410 MHz, 65.61 W
2026/10/09 10:33:29.353, 40, 1410 MHz, 65.45 W
2026/10/09 10:33:30.353, 40, 1410 MHz, 65.37 W
2026/10/09 10:33:31.353, 39, 1410 MHz, 65.21 W
2026/10/09 10:33:32.353, 39, 1410 MHz, 65.13 W
2026/10/09 10:33:33.354, 39, 1410 MHz, 65.12 W
2026/10/09 10:33:34.354, 39, 1410 MHz, 65.01 W
2026/10/09 10:33:35.354, 39, 1410 MHz, 65.02 W
2026/10/09 10:33:36.354, 39, 1410 MHz, 64.82 W
2026/10/09 10:33:37.354, 42, 1410 MHz, 71.88 W
2026/10/09 10:33:38.355, 47, 1350 MHz, 315.74 W
2026/10/09 10:33:39.355, 47, 1410 MHz, 314.64 W
2026/10/09 10:33:40.355, 49, 1380 MHz, 326.46 W
2026/10/09 10:33:41.355, 43, 1410 MHz, 319.42 W
2026/10/09 10:33:42.355, 46, 1380 MHz, 318.82 W
2026/10/09 10:33:43.356, 51, 1395 MHz, 323.38 W
2026/10/09 10:33:44.356, 51, 1395 MHz, 344.34 W
2026/10/09 10:33:45.356, 51, 1410 MHz, 342.38 W
2026/10/09 10:33:46.356, 51, 1320 MHz, 345.29 W
2026/10/09 10:33:47.357, 52, 1410 MHz, 264.02 W
2026/10/09 10:33:48.357, 52, 1395 MHz, 312.88 W
2026/10/09 10:33:49.357, 48, 1335 MHz, 340.62 W
2026/10/09 10:33:50.357, 53, 1380 MHz, 318.85 W
2026/10/09 10:33:51.357, 45, 1410 MHz, 157.46 W
2026/10/09 10:33:52.358, 44, 1410 MHz, 66.94 W
2026/10/09 10:33:53.358, 43, 1410 MHz, 66.65 W
2026/10/09 10:33:54.358, 43, 1410 MHz, 66.35 W
2026/10/09 10:33:55.358, 43, 1410 MHz, 66.11 W
2026/10/09 10:33:56.358, 42, 1410 MHz, 66.00 W
2026/10/09 10:33:57.359, 42, 1410 MHz, 65.84 W
2026/10/09 10:33:58.359, 42, 1410 MHz, 65.71 W
2026/10/09 10:33:59.359, 41, 1410 MHz, 65.56 W
2026/10/09 10:34:00.359, 41, 1410 MHz, 65.57 W
2026/10/09 10:34:01.360, 41, 1410 MHz, 65.34 W
2026/10/09 10:34:02.360, 40, 1410 MHz, 65.53 W
2026/10/09 10:34:03.360, 40, 1410 MHz, 65.54 W
2026/10/09 10:34:04.360, 47, 1410 MHz, 142.99 W
2026/10/09 10:34:05.360, 45, 1410 MHz, 243.48 W
2026/10/09 10:34:06.361, 45, 1410 MHz, 240.22 W
2026/10/09 10:34:07.361, 49, 1305 MHz, 311.17 W
2026/10/09 10:34:08.361, 42, 1410 MHz, 156.89 W
2026/10/09 10:34:09.361, 41, 1410 MHz, 65.80 W
2026/10/09 10:34:10.362, 41, 1410 MHz, 65.51 W
2026/10/09 10:34:11.362, 40, 1410 MHz, 65.38 W
2026/10/09 10:34:12.362, 40, 1410 MHz, 65.48 W
2026/10/09 10:34:13.362, 40, 1410 MHz, 65.39 W
2026/10/09 10:34:14.362, 40, 1410 MHz, 64.95 W
2026/10/09 10:34:15.363, 39, 1410 MHz, 64.92 W
2026/10/09 10:34:16.363, 39, 1410 MHz, 64.80 W
2026/10/09 10:34:17.363, 39, 1410 MHz, 64.72 W
2026/10/09 10:34:18.363, 39, 1410 MHz, 64.60 W
2026/10/09 10:34:19.363, 39, 1410 MHz, 64.50 W
2026/10/09 10:34:20.363, 38, 1410 MHz, 64.66 W
2026/10/09 10:34:21.364, 43, 1410 MHz, 93.26 W
2026/10/09 10:34:22.364, 47, 1410 MHz, 315.40 W
2026/10/09 10:34:23.364, 48, 1410 MHz, 328.80 W
2026/10/09 10:34:24.364, 50, 1125 MHz, 315.62 W
2026/10/09 10:34:25.365, 49, 1395 MHz, 340.24 W
2026/10/09 10:34:26.365, 50, 1380 MHz, 325.20 W
2026/10/09 10:34:27.365, 50, 1380 MHz, 318.42 W
2026/10/09 10:34:28.365, 50, 1245 MHz, 341.42 W
2026/10/09 10:34:29.366, 51, 1395 MHz, 331.62 W
2026/10/09 10:34:30.366, 51, 1410 MHz, 330.30 W
2026/10/09 10:34:31.366, 48, 1350 MHz, 344.15 W
2026/10/09 10:34:32.366, 53, 1410 MHz, 284.01 W
2026/10/09 10:34:33.366, 51, 1410 MHz, 303.61 W
2026/10/09 10:34:34.367, 53, 1305 MHz, 358.42 W
2026/10/09 10:34:35.367, 54, 1410 MHz, 302.73 W
2026/10/09 10:34:36.367, 46, 1410 MHz, 235.63 W
2026/10/09 10:34:37.367, 44, 1410 MHz, 67.29 W
2026/10/09 10:34:38.367, 44, 1410 MHz, 66.91 W
2026/10/09 10:34:39.368, 43, 1410 MHz, 66.60 W
2026/10/09 10:34:40.368, 43, 1410 MHz, 66.29 W
2026/10/09 10:34:41.368, 42, 1410 MHz, 66.15 W
2026/10/09 10:34:42.368, 42, 1410 MHz, 66.00 W
2026/10/09 10:34:43.368, 42, 1410 MHz, 65.86 W
2026/10/09 10:34:44.369, 42, 1410 MHz, 65.80 W
2026/10/09 10:34:45.369, 41, 1410 MHz, 65.61 W
2026/10/09 10:34:46.369, 41, 1410 MHz, 65.47 W
2026/10/09 10:34:47.369, 41, 1410 MHz, 65.36 W
2026/10/09 10:34:48.369, 40, 1410 MHz, 65.27 W
2026/10/09 10:34:49.370, 42, 1410 MHz, 70.52 W
2026/10/09 10:34:50.370, 45, 1410 MHz, 244.99 W
2026/10/09 10:34:51.370, 45, 1410 MHz, 227.07 W
2026/10/09 10:34:52.370, 45, 1410 MHz, 234.98 W
2026/10/09 10:34:53.371, 50, 1350 MHz, 325.91 W
