2026/10/09 10:48:43.304, 37, 1410 MHz, 48.74 W
2026/10/09 10:48:44.306, 37, 1410 MHz, 65.04 W
2026/10/09 10:48:45.306, 37, 1410 MHz, 64.98 W
2026/10/09 10:48:46.306, 37, 1410 MHz, 65.02 W
2026/10/09 10:48:47.307, 37, 1410 MHz, 64.90 W
2026/10/09 10:48:48.307, 37, 1410 MHz, 64.87 W
2026/10/09 10:48:49.307, 37, 1410 MHz, 64.76 W
2026/10/09 10:48:50.307, 37, 1410 MHz, 64.80 W
2026/10/09 10:48:51.307, 37, 1410 MHz, 64.76 W
2026/10/09 10:48:52.308, 37, 1410 MHz, 64.69 W
2026/10/09 10:48:53.308, 37, 1410 MHz, 64.75 W
2026/10/09 10:48:54.308, 36, 1410 MHz, 64.69 W
2026/10/09 10:48:55.309, 36, 1410 MHz, 64.64 W
2026/10/09 10:48:56.310, 36, 1410 MHz, 64.67 W
2026/10/09 10:48:57.310, 36, 1410 MHz, 64.59 W
2026/10/09 10:48:58.310, 36, 1410 MHz, 64.55 W
2026/10/09 10:48:59.310, 36, 1410 MHz, 64.50 W
2026/10/09 10:49:00.310, 36, 1410 MHz, 64.49 W
2026/10/09 10:49:01.310, 36, 1410 MHz, 64.47 W
2026/10/09 10:49:02.311, 36, 1410 MHz, 64.50 W
2026/10/09 10:49:03.311, 36, 1410 MHz, 64.39 W
2026/10/09 10:49:04.311, 36, 1410 MHz, 64.45 W
2026/10/09 10:49:05.311, 36, 1410 MHz, 64.39 W
2026/10/09 10:49:06.312, 36, 1410 MHz, 64.40 W
2026/10/09 10:49:07.312, 36, 1410 MHz, 64.39 W
2026/10/09 10:49:08.312, 36, 1410 MHz, 64.31 W
2026/10/09 10:49:09.312, 36, 1410 MHz, 64.30 W
2026/10/09 10:49:10.312, 36, 1410 MHz, 64.32 W
2026/10/09 10:49:11.313, 35, 1410 MHz, 64.28 W
2026/10/09 10:49:12.313, 35, 1410 MHz, 64.35 W
2026/10/09 10:49:13.313, 35, 1410 MHz, 64.27 W
2026/10/09 10:49:14.313, 43, 1245 MHz, 127.56 W
2026/10/09 10:49:15.313, 44, 1380 MHz, 341.83 W
2026/10/09 10:49:16.314, 46, 1215 MHz, 351.47 W
2026/10/09 10:49:17.314, 46, 1230 MHz, 344.57 W
2026/10/09 10:49:18.314, 47, 1245 MHz, 338.95 W
2026/10/09 10:49:19.314, 47, 1290 MHz, 345.62 W
2026/10/09 10:49:20.315, 48, 1230 MHz, 345.23 W
2026/10/09 10:49:21.315, 47, 1410 MHz, 334.14 W
2026/10/09 10:49:22.315, 46, 1395 MHz, 326.89 W
2026/10/09 10:49:23.315, 44, 1410 MHz, 329.97 W
2026/10/09 10:49:24.316, 49, 1395 MHz, 347.12 W
2026/10/09 10:49:25.316, 51, 1140 MHz, 353.04 W
2026/10/09 10:49:26.316, 52, 1230 MHz, 348.32 W
2026/10/09 10:49:27.316, 52, 1230 MHz, 344.58 W
2026/10/09 10:49:28.316, 51, 1230 MHz, 347.03 W
2026/10/09 10:49:29.317, 52, 1275 MHz, 345.69 W
2026/10/09 10:49:30.317, 54, 1290 MHz, 346.07 W
2026/10/09 10:49:31.317, 54, 1275 MHz, 275.53 W
2026/10/09 10:49:32.317, 53, 1335 MHz, 345.60 W
2026/10/09 10:49:33.318, 51, 1335 MHz, 337.91 W
2026/10/09 10:49:34.318, 55, 1290 MHz, 323.95 W
2026/10/09 10:49:35.318, 55, 1290 MHz, 343.29 W
2026/10/09 10:49:36.318, 54, 1380 MHz, 303.83 W
2026/10/09 10:49:37.319, 56, 1245 MHz, 345.25 W
2026/10/09 10:49:38.319, 50, 1410 MHz, 319.39 W
2026/10/09 10:49:39.319, 46, 1410 MHz, 69.86 W
2026/10/09 10:49:40.319, 46, 1410 MHz, 67.69 W
2026/10/09 10:49:41.319, 45, 1410 MHz, 67.42 W
2026/10/09 10:49:42.320, 44, 1410 MHz, 67.07 W
2026/10/09 10:49:43.320, 44, 1410 MHz, 66.79 W
2026/10/09 10:49:44.320, 44, 1410 MHz, 66.66 W
2026/10/09 10:49:45.320, 43, 1410 MHz, 66.53 W
2026/10/09 10:49:46.321, 43, 1410 MHz, 66.37 W
2026/10/09 10:49:47.321, 42, 1410 MHz, 66.16 W
2026/10/09 10:49:48.321, 42, 1410 MHz, 66.06 W
2026/10/09 10:49:49.321, 42, 1410 MHz, 65.90 W
2026/10/09 10:49:50.322, 42, 1410 MHz, 65.64 W
2026/10/09 10:49:51.322, 41, 1410 MHz, 65.62 W
2026/10/09 10:49:52.322, 41, 1410 MHz, 65.50 W
2026/10/09 10:49:53.322, 41, 1410 MHz, 65.73 W
2026/10/09 10:49:54.322, 41, 1410 MHz, 65.65 W
2026/10/09 10:49:55.323, 40, 1410 MHz, 65.51 W
2026/10/09 10:49:56.323, 40, 1410 MHz, 65.44 W
2026/10/09 10:49:57.323, 40, 1410 MHz, 65.36 W
2026/10/09 10:49:58.323, 40, 1410 MHz, 65.23 W
2026/10/09 10:49:59.324, 39, 1410 MHz, 65.13 W
2026/10/09 10:50:00.324, 39, 1410 MHz, 65.13 W
2026/10/09 10:50:01.324, 39, 1410 MHz, 65.02 W
2026/10/09 10:50:02.324, 39, 1410 MHz, 65.00 W
2026/10/09 10:50:03.325, 39, 1410 MHz, 64.92 W
2026/10/09 10:50:04.325, 39, 1410 MHz, 64.86 W
2026/10/09 10:50:05.325, 38, 1410 MHz, 64.79 W
2026/10/09 10:50:06.325, 38, 1410 MHz, 64.80 W
2026/10/09 10:50:07.325, 38, 1410 MHz, 64.67 W
2026/10/09 10:50:08.326, 38, 1410 MHz, 64.57 W
2026/10/09 10:50:09.326, 45, 1170 MHz, 114.12 W
2026/10/09 10:50:10.326, 45, 1410 MHz, 337.71 W
2026/10/09 10:50:11.326, 46, 1410 MHz, 322.49 W
2026/10/09 10:50:12.327, 46, 1410 MHz, 321.72 W
2026/10/09 10:50:13.327, 49, 1245 MHz, 332.56 W
2026/10/09 10:50:14.327, 49, 1245 MHz, 346.26 W
2026/10/09 10:50:15.327, 42, 1410 MHz, 238.92 W
2026/10/09 10:50:16.327, 41, 1410 MHz, 65.89 W
2026/10/09 10:50:17.328, 41, 1410 MHz, 65.50 W
2026/10/09 10:50:18.328, 40, 1410 MHz, 65.32 W
2026/10/09 10:50:19.328, 40, 1410 MHz, 65.01 W
2026/10/09 10:50:20.328, 40, 1410 MHz, 65.00 W
2026/10/09 10:50:21.329, 39, 1410 MHz, 64.88 W
2026/10/09 10:50:22.329, 39, 1410 MHz, 64.77 W
2026/10/09 10:50:23.329, 39, 1410 MHz, 64.79 W
2026/10/09 10:50:24.329, 39, 1410 MHz, 64.96 W
2026/10/09 10:50:25.329, 39, 1410 MHz, 64.90 W
2026/10/09 10:50:26.330, 38, 1410 MHz, 64.87 W
2026/10/09 10:50:27.330, 38, 1410 MHz, 64.71 W
2026/10/09 10:50:28.330, 38, 1410 MHz, 64.62 W
2026/10/09 10:50:29.330, 38, 1410 MHz, 64.61 W
2026/10/09 10:50:30.331, 38, 1410 MHz, 64.63 W
2026/10/09 10:50:31.331, 38, 1410 MHz, 64.49 W
2026/10/09 10:50:32.331, 38, 1410 MHz, 64.50 W
2026/10/09 10:50:33.331, 37, 1410 MHz, 64.45 W
2026/10/09 10:50:34.332, 37, 1410 MHz, 64.42 W
2026/10/09 10:50:35.332, 37, 1410 MHz, 64.32 W
2026/10/09 10:50:36.332, 37, 1410 MHz, 64.29 W
2026/10/09 10:50:37.332, 37, 1410 MHz, 64.23 W
2026/10/09 10:50:38.332, 37, 1410 MHz, 64.13 W
2026/10/09 10:50:39.333, 37, 1410 MHz, 64.19 W
2026/10/09 10:50:40.333, 37, 1410 MHz, 64.09 W
2026/10/09 10:50:41.333, 37, 1410 MHz, 64.03 W
2026/10/09 10:50:42.333, 37, 1410 MHz, 64.05 W
2026/10/09 10:50:43.334, 36, 1410 MHz, 64.08 W
2026/10/09 10:50:44.334, 36, 1410 MHz, 64.04 W
2026/10/09 10:50:45.334, 36, 1410 MHz, 64.03 W
2026/10/09 10:50:46.334, 44, 1275 MHz, 218.08 W
2026/10/09 10:50:47.334, 46, 1215 MHz, 346.50 W
2026/10/09 10:50:48.335, 46, 1230 MHz, 339.74 W
2026/10/09 10:50:49.335, 47, 1230 MHz, 348.16 W
2026/10/09 10:50:50.335, 46, 1245 MHz, 330.49 W
2026/10/09 10:50:51.335, 48, 1215 MHz, 350.20 W
2026/10/09 10:50:52.336, 46, 1245 MHz, 347.57 W
2026/10/09 10:50:53.336, 48, 1275 MHz, 320.09 W
2026/10/09 10:50:54.336, 50, 1215 MHz, 341.78 W
2026/10/09 10:50:55.336, 50, 1335 MHz, 340.19 W
2026/10/09 10:50:56.336, 52, 1230 MHz, 346.47 W
2026/10/09 10:50:57.337, 52, 1305 MHz, 347.33 W
2026/10/09 10:50:58.337, 52, 1350 MHz, 344.32 W
2026/10/09 10:50:59.337, 52, 1275 MHz, 348.24 W
2026/10/09 10:51:00.337, 52, 1410 MHz, 338.64 W
2026/10/09 10:51:01.338, 51, 1350 MHz, 348.91 W
2026/10/09 10:51:02.338, 54, 1260 MHz, 348.28 W
2026/10/09 10:51:03.338, 53, 1335 MHz, 277.84 W
2026/10/09 10:51:04.338, 54, 1395 MHz, 346.71 W
2026/10/09 10:51:05.338, 53, 1380 MHz, 305.74 W
2026/10/09 10:51:06.339, 54, 1350 MHz, 348.69 W
2026/10/09 10:51:07.339, 54, 1245 MHz, 344.37 W
2026/10/09 10:51:08.339, 56, 1335 MHz, 313.91 W
2026/10/09 10:51:09.339, 55, 1305 MHz, 345.41 W
2026/10/09 10:51:10.340, 48, 1410 MHz, 243.64 W
2026/10/09 10:51:11.340, 46, 1410 MHz, 68.46 W
2026/10/09 10:51:12.340, 46, 1410 MHz, 67.80 W
2026/10/09 10:51:13.340, 45, 1410 MHz, 67.40 W
2026/10/09 10:51:14.340, 45, 1410 MHz, 67.11 W
2026/10/09 10:51:15.341, 44, 1410 MHz, 66.87 W
2026/10/09 10:51:16.341, 44, 1410 MHz, 66.61 W
2026/10/09 10:51:17.341, 43, 1410 MHz, 66.50 W
2026/10/09 10:51:18.341, 43, 1410 MHz, 66.38 W
2026/10/09 10:51:19.342, 43, 1410 MHz, 66.22 W
2026/10/09 10:51:20.342, 42, 1410 MHz, 66.07 W
2026/10/09 10:51:21.342, 42, 1410 MHz, 65.98 W
2026/10/09 10:51:22.342, 42, 1410 MHz, 65.80 W
2026/10/09 10:51:23.342, 41, 1410 MHz, 65.77 W
2026/10/09 10:51:24.343, 41, 1410 MHz, 65.64 W
2026/10/09 10:51:25.343, 41, 1410 MHz, 65.47 W
2026/10/09 10:51:26.343, 41, 1410 MHz, 65.36 W
2026/10/09 10:51:27.343, 40, 1410 MHz, 65.26 W
2026/10/09 10:51:28.343, 40, 1410 MHz, 65.10 W
2026/10/09 10:51:29.343, 40, 1410 MHz, 65.28 W
2026/10/09 10:51:30.344, 40, 1410 MHz, 65.04 W
2026/10/09 10:51:31.344, 40, 1410 MHz, 64.86 W
2026/10/09 10:51:32.344, 39, 1410 MHz, 65.11 W
2026/10/09 10:51:33.344, 39, 1410 MHz, 65.05 W
2026/10/09 10:51:34.344, 39, 1410 MHz, 64.96 W
2026/10/09 10:51:35.345, 39, 1410 MHz, 64.91 W
2026/10/09 10:51:36.345, 39, 1410 MHz, 64.85 W
2026/10/09 10:51:37.345, 38, 1410 MHz, 64.77 W
2026/10/09 10:51:38.345, 38, 1410 MHz, 64.72 W
2026/10/09 10:51:39.345, 38, 1410 MHz, 64.69 W
2026/10/09 10:51:40.346, 38, 1410 MHz, 64.57 W
2026/10/09 10:51:41.346, 38, 1410 MHz, 64.48 W
2026/10/09 10:51:42.346, 44, 1410 MHz, 261.22 W
2026/10/09 10:51:43.346, 45, 1410 MHz, 319.20 W
2026/10/09 10:51:44.346, 46, 1410 MHz, 323.37 W
2026/10/09 10:51:45.347, 47, 1410 MHz, 325.12 W
2026/10/09 10:51:46.347, 49, 1170 MHz, 348.57 W
2026/10/09 10:51:47.347, 49, 1200 MHz, 344.85 W
2026/10/09 10:51:48.347, 42, 1410 MHz, 122.41 W
2026/10/09 10:51:49.347, 41, 1410 MHz, 65.78 W
2026/10/09 10:51:50.349, 40, 1410 MHz, 65.64 W
2026/10/09 10:51:51.349, 40, 1410 MHz, 65.32 W
2026/10/09 10:51:52.349, 40, 1410 MHz, 65.41 W
2026/10/09 10:51:53.349, 40, 1410 MHz, 65.31 W
2026/10/09 10:51:54.350, 39, 1410 MHz, 65.19 W
2026/10/09 10:51:55.350, 39, 1410 MHz, 65.13 W
2026/10/09 10:51:56.350, 39, 1410 MHz, 65.06 W
2026/10/09 10:51:57.350, 39, 1410 MHz, 64.96 W
2026/10/09 10:51:58.351, 39, 1410 MHz, 64.95 W
2026/10/09 10:51:59.351, 38, 1410 MHz, 64.85 W
2026/10/09 10:52:00.351, 38, 1410 MHz, 64.73 W
2026/10/09 10:52:01.351, 38, 1410 MHz, 64.77 W
2026/10/09 10:52:02.351, 38, 1410 MHz, 64.72 W
2026/10/09 10:52:03.352, 38, 1410 MHz, 64.67 W
2026/10/09 10:52:04.352, 38, 1410 MHz, 64.68 W
2026/10/09 10:52:05.352, 38, 1410 MHz, 64.58 W
2026/10/09 10:52:06.352, 38, 1410 MHz, 64.61 W
2026/10/09 10:52:07.353, 38, 1410 MHz, 64.60 W
2026/10/09 10:52:08.353, 38, 1410 MHz, 64.56 W
2026/10/09 10:52:09.353, 38, 1410 MHz, 64.61 W
2026/10/09 10:52:10.353, 38, 1410 MHz, 64.55 W
2026/10/09 10:52:11.353, 37, 1410 MHz, 64.44 W
2026/10/09 10:52:12.354, 37, 1410 MHz, 64.45 W
2026/10/09 10:52:13.354, 37, 1410 MHz, 64.44 W
2026/10/09 10:52:14.354, 37, 1410 MHz, 64.41 W
2026/10/09 10:52:15.354, 37, 1410 MHz, 64.36 W
2026/10/09 10:52:16.354, 37, 1410 MHz, 64.41 W
2026/10/09 10:52:17.355, 37, 1410 MHz, 64.35 W
2026/10/09 10:52:18.355, 37, 1410 MHz, 64.37 W
2026/10/09 10:52:19.355, 45, 1110 MHz, 204.87 W
2026/10/09 10:52:20.355, 47, 1260 MHz, 339.88 W
2026/10/09 10:52:21.355, 47, 1215 MHz, 341.30 W
2026/10/09 10:52:22.356, 48, 1230 MHz, 344.50 W
2026/10/09 10:52:23.356, 49, 1215 MHz, 340.52 W
2026/10/09 10:52:24.356, 50, 1245 MHz, 336.54 W
2026/10/09 10:52:25.356, 50, 1230 MHz, 349.64 W
2026/10/09 10:52:26.357, 51, 1290 MHz, 347.73 W
2026/10/09 10:52:27.357, 51, 1245 MHz, 348.20 W
2026/10/09 10:52:28.357, 52, 1200 MHz, 335.59 W
2026/10/09 10:52:29.357, 53, 1305 MHz, 329.29 W
2026/10/09 10:52:30.357, 53, 1245 MHz, 342.55 W
2026/10/09 10:52:31.358, 54, 975 MHz, 349.51 W
2026/10/09 10:52:32.358, 54, 1350 MHz, 343.31 W
2026/10/09 10:52:33.358, 54, 1335 MHz, 343.69 W
2026/10/09 10:52:34.358, 56, 1245 MHz, 347.19 W
2026/10/09 10:52:35.359, 55, 1305 MHz, 345.53 W
2026/10/09 10:52:36.359, 55, 1320 MHz, 340.62 W
2026/10/09 10:52:37.359, 56, 1185 MHz, 347.23 W
2026/10/09 10:52:38.359, 54, 1080 MHz, 275.93 W
2026/10/09 10:52:39.360, 56, 1260 MHz, 361.71 W
2026/10/09 10:52:40.360, 58, 1155 MHz, 341.99 W
2026/10/09 10:52:41.360, 57, 1260 MHz, 341.70 W
2026/10/09 10:52:42.360, 59, 1245 MHz, 306.75 W
2026/10/09 10:52:43.361, 58, 1245 MHz, 344.03 W
2026/10/09 10:52:44.361, 58, 1275 MHz, 303.18 W
2026/10/09 10:52:45.361, 60, 1305 MHz, 346.81 W
2026/10/09 10:52:46.361, 59, 1410 MHz, 345.05 W
2026/10/09 10:52:47.361, 51, 1410 MHz, 72.44 W
2026/10/09 10:52:48.362, 50, 1410 MHz, 70.20 W
2026/10/09 10:52:49.362, 50, 1410 MHz, 69.94 W
2026/10/09 10:52:50.362, 49, 1410 MHz, 69.52 W
2026/10/09 10:52:51.362, 49, 1410 MHz, 69.25 W
2026/10/09 10:52:52.363, 49, 1410 MHz, 69.14 W
2026/10/09 10:52:53.363, 48, 1410 MHz, 68.88 W
2026/10/09 10:52:54.363, 48, 1410 MHz, 68.87 W
2026/10/09 10:52:55.363, 48, 1410 MHz, 68.60 W
2026/10/09 10:52:56.363, 47, 1410 MHz, 68.38 W
2026/10/09 10:52:57.364, 47, 1410 MHz, 68.30 W
2026/10/09 10:52:58.364, 47, 1410 MHz, 68.18 W
2026/10/09 10:52:59.364, 47, 1410 MHz, 67.97 W
2026/10/09 10:53:00.364, 46, 1410 MHz, 67.89 W
2026/10/09 10:53:01.365, 46, 1410 MHz, 67.83 W
2026/10/09 10:53:02.365, 46, 1410 MHz, 67.76 W
2026/10/09 10:53:03.365, 46, 1410 MHz, 67.60 W
2026/10/09 10:53:04.365, 45, 1410 MHz, 67.39 W
2026/10/09 10:53:05.365, 45, 1410 MHz, 67.36 W
2026/10/09 10:53:06.366, 45, 1410 MHz, 67.32 W
2026/10/09 10:53:07.366, 45, 1410 MHz, 67.20 W
2026/10/09 10:53:08.366, 45, 1410 MHz, 67.17 W
2026/10/09 10:53:09.366, 44, 1410 MHz, 67.01 W
2026/10/09 10:53:10.367, 44, 1410 MHz, 66.92 W
2026/10/09 10:53:11.367, 44, 1410 MHz, 66.84 W
2026/10/09 10:53:12.367, 44, 1410 MHz, 66.72 W
2026/10/09 10:53:13.367, 44, 1410 MHz, 66.68 W
2026/10/09 10:53:14.367, 44, 1410 MHz, 66.55 W
2026/10/09 10:53:15.368, 43, 1410 MHz, 66.52 W
2026/10/09 10:53:16.368, 43, 1410 MHz, 66.42 W
2026/10/09 10:53:17.368, 43, 1410 MHz, 70.07 W
2026/10/09 10:53:18.368, 52, 1410 MHz, 324.91 W
2026/10/09 10:53:19.368, 50, 1410 MHz, 282.80 W
2026/10/09 10:53:20.369, 51, 1410 MHz, 309.06 W
2026/10/09 10:53:21.369, 51, 1410 MHz, 320.98 W
2026/10/09 10:53:22.369, 52, 1125 MHz, 332.28 W
2026/10/09 10:53:23.369, 54, 1170 MHz, 345.82 W
2026/10/09 10:53:24.370, 50, 1410 MHz, 293.38 W
2026/10/09 10:53:25.370, 47, 1410 MHz, 69.15 W
2026/10/09 10:53:26.370, 46, 1410 MHz, 68.04 W
2026/10/09 10:53:27.370, 46, 1410 MHz, 67.85 W
2026/10/09 10:53:28.370, 46, 1410 MHz, 67.61 W
2026/10/09 10:53:29.371, 45, 1410 MHz, 67.44 W
2026/10/09 10:53:30.371, 45, 1410 MHz, 67.31 W
2026/10/09 10:53:31.371, 45, 1410 MHz, 67.27 W
2026/10/09 10:53:32.371, 45, 1410 MHz, 67.16 W
2026/10/09 10:53:33.371, 44, 1410 MHz, 66.92 W
2026/10/09 10:53:34.372, 44, 1410 MHz, 66.89 W
2026/10/09 10:53:35.372, 44, 1410 MHz, 66.81 W
2026/10/09 10:53:36.372, 44, 1410 MHz, 66.71 W
2026/10/09 10:53:37.372, 44, 1410 MHz, 66.72 W
2026/10/09 10:53:38.373, 43, 1410 MHz, 66.57 W
2026/10/09 10:53:39.373, 43, 1410 MHz, 66.55 W
2026/10/09 10:53:40.373, 43, 1410 MHz, 66.48 W
2026/10/09 10:53:41.373, 43, 1410 MHz, 66.45 W
2026/10/09 10:53:42.373, 43, 1410 MHz, 66.30 W
2026/10/09 10:53:43.374, 43, 1410 MHz, 66.24 W
2026/10/09 10:53:44.374, 43, 1410 MHz, 66.24 W
2026/10/09 10:53:45.374, 42, 1410 MHz, 66.16 W
2026/10/09 10:53:46.374, 42, 1410 MHz, 66.01 W
2026/10/09 10:53:47.375, 42, 1410 MHz, 66.03 W
2026/10/09 10:53:48.375, 42, 1410 MHz, 65.91 W
2026/10/09 10:53:49.375, 42, 1410 MHz, 65.83 W
2026/10/09 10:53:50.375, 42, 1410 MHz, 65.84 W
2026/10/09 10:53:51.376, 42, 1410 MHz, 65.79 W
2026/10/09 10:53:52.376, 42, 1410 MHz, 65.75 W
2026/10/09 10:53:53.376, 41, 1410 MHz, 65.70 W
2026/10/09 10:53:54.376, 41, 1410 MHz, 65.71 W
2026/10/09 10:53:55.377, 46, 1320 MHz, 123.27 W
2026/10/09 10:53:56.377, 50, 1125 MHz, 345.47 W
2026/10/09 10:53:57.377, 48, 1140 MHz, 346.35 W
2026/10/09 10:53:58.377, 51, 960 MHz, 347.13 W
2026/10/09 10:53:59.377, 49, 1155 MHz, 339.77 W
2026/10/09 10:54:00.378, 53, 1140 MHz, 339.18 W
2026/10/09 10:54:01.378, 53, 1065 MHz, 345.12 W
2026/10/09 10:54:02.378, 54, 1200 MHz, 348.07 W
2026/10/09 10:54:03.378, 55, 1260 MHz, 347.44 W
2026/10/09 10:54:04.379, 56, 1245 MHz, 327.10 W
2026/10/09 10:54:05.379, 56, 1335 MHz, 329.25 W
2026/10/09 10:54:06.379, 56, 1245 MHz, 346.65 W
2026/10/09 10:54:07.379, 57, 900 MHz, 349.31 W
2026/10/09 10:54:08.379, 57, 1185 MHz, 347.51 W
2026/10/09 10:54:09.380, 58, 1245 MHz, 347.72 W
2026/10/09 10:54:10.380, 59, 1350 MHz, 342.48 W
2026/10/09 10:54:11.380, 59, 1230 MHz, 344.12 W
2026/10/09 10:54:12.380, 59, 1275 MHz, 341.33 W
2026/10/09 10:54:13.381, 59, 1230 MHz, 347.36 W
2026/10/09 10:54:14.381, 55, 1245 MHz, 333.81 W
2026/10/09 10:54:15.381, 61, 1035 MHz, 312.48 W
2026/10/09 10:54:16.381, 60, 1185 MHz, 334.30 W
2026/10/09 10:54:17.381, 61, 1290 MHz, 341.52 W
2026/10/09 10:54:18.382, 61, 1245 MHz, 309.39 W
2026/10/09 10:54:19.382, 61, 1260 MHz, 344.01 W
2026/10/09 10:54:20.382, 57, 1410 MHz, 306.24 W
2026/10/09 10:54:21.382, 62, 1065 MHz, 341.94 W
2026/10/09 10:54:22.383, 62, 1260 MHz, 344.83 W
2026/10/09 10:54:23.383, 54, 1410 MHz, 176.00 W
2026/10/09 10:54:24.383, 53, 1410 MHz, 72.10 W
2026/10/09 10:54:25.383, 53, 1410 MHz, 71.68 W
2026/10/09 10:54:26.383, 52, 1410 MHz, 71.27 W
2026/10/09 10:54:27.384, 52, 1410 MHz, 70.84 W
2026/10/09 10:54:28.384, 52, 1410 MHz, 70.70 W
2026/10/09 10:54:29.384, 51, 1410 MHz, 70.46 W
2026/10/09 10:54:30.384, 51, 1410 MHz, 70.30 W
2026/10/09 10:54:31.385, 50, 1410 MHz, 70.04 W
2026/10/09 10:54:32.385, 50, 1410 MHz, 69.88 W
2026/10/09 10:54:33.385, 50, 1410 MHz, 69.69 W
2026/10/09 10:54:34.385, 49, 1410 MHz, 69.45 W
2026/10/09 10:54:35.385, 49, 1410 MHz, 69.36 W
2026/10/09 10:54:36.386, 49, 1410 MHz, 69.18 W
2026/10/09 10:54:37.386, 49, 1410 MHz, 69.01 W
2026/10/09 10:54:38.386, 48, 1410 MHz, 68.85 W
2026/10/09 10:54:39.386, 48, 1410 MHz, 68.79 W
2026/10/09 10:54:40.386, 48, 1410 MHz, 68.66 W
2026/10/09 10:54:41.387, 48, 1410 MHz, 68.43 W
2026/10/09 10:54:42.387, 47, 1410 MHz, 68.30 W
2026/10/09 10:54:43.387, 47, 1410 MHz, 68.27 W
2026/10/09 10:54:44.387, 47, 1410 MHz, 68.18 W
2026/10/09 10:54:45.388, 47, 1410 MHz, 67.99 W
2026/10/09 10:54:46.388, 46, 1410 MHz, 68.00 W
2026/10/09 10:54:47.388, 46, 1410 MHz, 67.78 W
2026/10/09 10:54:48.388, 46, 1410 MHz, 67.70 W
2026/10/09 10:54:49.389, 46, 1410 MHz, 67.63 W
2026/10/09 10:54:50.389, 46, 1410 MHz, 67.50 W
2026/10/09 10:54:51.389, 45, 1410 MHz, 67.39 W
2026/10/09 10:54:52.389, 45, 1410 MHz, 67.37 W
2026/10/09 10:54:53.389, 45, 1410 MHz, 67.27 W
2026/10/09 10:54:54.390, 54, 1155 MHz, 226.02 W
2026/10/09 10:54:55.390, 52, 1410 MHz, 290.40 W
2026/10/09 10:54:56.390, 53, 1410 MHz, 304.38 W
2026/10/09 10:54:57.390, 53, 1410 MHz, 321.34 W
2026/10/09 10:54:58.390, 54, 1410 MHz, 323.45 W
2026/10/09 10:54:59.391, 56, 1215 MHz, 347.48 W
2026/10/09 10:55:00.391, 56, 1200 MHz, 346.68 W
2026/10/09 10:55:01.391, 49, 1410 MHz, 103.69 W
2026/10/09 10:55:02.391, 48, 1410 MHz, 69.01 W
2026/10/09 10:55:03.392, 48, 1410 MHz, 68.77 W
2026/10/09 10:55:04.392, 47, 1410 MHz, 68.46 W
2026/10/09 10:55:05.392, 47, 1410 MHz, 68.27 W
2026/10/09 10:55:06.392, 47, 1410 MHz, 68.18 W
2026/10/09 10:55:07.392, 47, 1410 MHz, 68.02 W
2026/10/09 10:55:08.393, 46, 1410 MHz, 67.93 W
2026/10/09 10:55:09.393, 46, 1410 MHz, 67.81 W
2026/10/09 10:55:10.393, 46, 1410 MHz, 67.73 W
2026/10/09 10:55:11.393, 46, 1410 MHz, 67.69 W
2026/10/09 10:55:12.394, 46, 1410 MHz, 67.53 W
2026/10/09 10:55:13.394, 45, 1410 MHz, 67.41 W
2026/10/09 10:55:14.394, 45, 1410 MHz, 67.29 W
2026/10/09 10:55:15.394, 45, 1410 MHz, 67.23 W
2026/10/09 10:55:16.395, 45, 1410 MHz, 67.16 W
2026/10/09 10:55:17.395, 45, 1410 MHz, 67.13 W
2026/10/09 10:55:18.395, 44, 1410 MHz, 67.06 W
2026/10/09 10:55:19.395, 44, 1410 MHz, 66.87 W
2026/10/09 10:55:20.395, 44, 1410 MHz, 66.87 W
2026/10/09 10:55:21.396, 44, 1410 MHz, 66.75 W
2026/10/09 10:55:22.396, 44, 1410 MHz, 66.67 W
2026/10/09 10:55:23.396, 44, 1410 MHz, 66.71 W
2026/10/09 10:55:24.396, 44, 1410 MHz, 66.60 W
2026/10/09 10:55:25.396, 43, 1410 MHz, 66.51 W
2026/10/09 10:55:26.397, 43, 1410 MHz, 66.47 W
2026/10/09 10:55:27.397, 43, 1410 MHz, 66.35 W
2026/10/09 10:55:28.397, 43, 1410 MHz, 66.30 W
2026/10/09 10:55:29.397, 43, 1410 MHz, 66.28 W
2026/10/09 10:55:30.397, 43, 1410 MHz, 66.23 W
2026/10/09 10:55:31.398, 43, 1410 MHz, 66.20 W
2026/10/09 10:55:32.398, 51, 1260 MHz, 237.84 W
2026/10/09 10:55:33.398, 52, 1200 MHz, 345.49 W
2026/10/09 10:55:34.398, 53, 1230 MHz, 342.55 W
2026/10/09 10:55:35.399, 54, 1410 MHz, 331.99 W
2026/10/09 10:55:36.399, 51, 1215 MHz, 348.19 W
2026/10/09 10:55:37.399, 54, 1200 MHz, 346.84 W
2026/10/09 10:55:38.399, 56, 1215 MHz, 344.54 W
2026/10/09 10:55:39.400, 55, 1260 MHz, 317.30 W
2026/10/09 10:55:40.400, 56, 1245 MHz, 345.86 W
2026/10/09 10:55:41.400, 57, 1290 MHz, 344.23 W
2026/10/09 10:55:42.400, 57, 1335 MHz, 344.14 W
2026/10/09 10:55:43.400, 57, 1290 MHz, 345.28 W
2026/10/09 10:55:44.401, 58, 1365 MHz, 344.65 W
2026/10/09 10:55:45.401, 58, 1350 MHz, 346.38 W
2026/10/09 10:55:46.401, 59, 1410 MHz, 339.98 W
2026/10/09 10:55:47.401, 59, 1170 MHz, 351.48 W
2026/10/09 10:55:48.402, 59, 1260 MHz, 345.19 W
2026/10/09 10:55:49.402, 61, 1380 MHz, 280.05 W
2026/10/09 10:55:50.402, 60, 1305 MHz, 346.24 W
2026/10/09 10:55:51.402, 54, 1365 MHz, 306.22 W
2026/10/09 10:55:52.402, 60, 1275 MHz, 350.16 W
2026/10/09 10:55:53.403, 61, 1335 MHz, 345.30 W
2026/10/09 10:55:54.403, 63, 1305 MHz, 311.60 W
2026/10/09 10:55:55.403, 62, 1350 MHz, 346.43 W
2026/10/09 10:55:56.403, 55, 1410 MHz, 253.12 W
2026/10/09 10:55:57.404, 54, 1410 MHz, 72.40 W
2026/10/09 10:55:58.404, 53, 1410 MHz, 71.58 W
2026/10/09 10:55:59.404, 52, 1410 MHz, 71.21 W
2026/10/09 10:56:00.404, 52, 1410 MHz, 70.83 W
2026/10/09 10:56:01.404, 51, 1410 MHz, 70.63 W
2026/10/09 10:56:02.405, 51, 1410 MHz, 70.38 W
2026/10/09 10:56:03.405, 51, 1410 MHz, 70.18 W
2026/10/09 10:56:04.405, 50, 1410 MHz, 70.01 W
2026/10/09 10:56:05.405, 50, 1410 MHz, 69.76 W
2026/10/09 10:56:06.406, 50, 1410 MHz, 69.60 W
2026/10/09 10:56:07.406, 49, 1410 MHz, 69.38 W
2026/10/09 10:56:08.406, 49, 1410 MHz, 69.20 W
2026/10/09 10:56:09.406, 48, 1410 MHz, 68.97 W
2026/10/09 10:56:10.407, 48, 1410 MHz, 68.68 W
2026/10/09 10:56:11.407, 47, 1410 MHz, 68.47 W
2026/10/09 10:56:12.407, 47, 1410 MHz, 68.18 W
2026/10/09 10:56:13.407, 47, 1410 MHz, 68.01 W
2026/10/09 10:56:14.407, 46, 1410 MHz, 67.76 W
2026/10/09 10:56:15.408, 46, 1410 MHz, 67.61 W
2026/10/09 10:56:16.408, 45, 1410 MHz, 67.47 W
2026/10/09 10:56:17.408, 45, 1410 MHz, 67.24 W
2026/10/09 10:56:18.408, 45, 1410 MHz, 67.11 W
2026/10/09 10:56:19.409, 44, 1410 MHz, 66.93 W
2026/10/09 10:56:20.409, 44, 1410 MHz, 66.69 W
2026/10/09 10:56:21.409, 44, 1410 MHz, 66.57 W
2026/10/09 10:56:22.409, 43, 1410 MHz, 66.49 W
2026/10/09 10:56:23.409, 43, 1410 MHz, 66.37 W
2026/10/09 10:56:24.410, 43, 1410 MHz, 66.19 W
2026/10/09 10:56:25.410, 43, 1410 MHz, 66.08 W
2026/10/09 10:56:26.410, 42, 1410 MHz, 65.96 W
2026/10/09 10:56:27.410, 50, 1155 MHz, 194.96 W
2026/10/09 10:56:28.410, 49, 1410 MHz, 327.36 W
2026/10/09 10:56:29.411, 50, 1410 MHz, 322.23 W
2026/10/09 10:56:30.411, 50, 1410 MHz, 319.96 W
2026/10/09 10:56:31.411, 52, 1170 MHz, 346.06 W
2026/10/09 10:56:32.411, 53, 1170 MHz, 344.30 W
2026/10/09 10:56:33.412, 46, 1410 MHz, 194.97 W
2026/10/09 10:56:34.412, 45, 1410 MHz, 67.34 W
2026/10/09 10:56:35.412, 44, 1410 MHz, 66.95 W
2026/10/09 10:56:36.412, 44, 1410 MHz, 66.82 W
2026/10/09 10:56:37.412, 43, 1410 MHz, 66.44 W
2026/10/09 10:56:38.413, 43, 1410 MHz, 66.31 W
2026/10/09 10:56:39.413, 43, 1410 MHz, 66.17 W
2026/10/09 10:56:40.413, 42, 1410 MHz, 66.04 W
2026/10/09 10:56:41.413, 42, 1410 MHz, 65.96 W
2026/10/09 10:56:42.414, 42, 1410 MHz, 65.93 W
2026/10/09 10:56:43.414, 41, 1410 MHz, 65.75 W
2026/10/09 10:56:44.416, 41, 1410 MHz, 65.55 W
2026/10/09 10:56:45.416, 41, 1410 MHz, 65.52 W
2026/10/09 10:56:46.416, 41, 1410 MHz, 65.40 W
2026/10/09 10:56:47.416, 41, 1410 MHz, 65.33 W
2026/10/09 10:56:48.416, 40, 1410 MHz, 65.29 W
2026/10/09 10:56:49.417, 40, 1410 MHz, 65.10 W
2026/10/09 10:56:50.417, 40, 1410 MHz, 65.05 W
2026/10/09 10:56:51.417, 40, 1410 MHz, 65.01 W
2026/10/09 10:56:52.417, 40, 1410 MHz, 64.94 W
2026/10/09 10:56:53.417, 39, 1410 MHz, 64.86 W
2026/10/09 10:56:54.418, 39, 1410 MHz, 64.77 W
2026/10/09 10:56:55.418, 39, 1410 MHz, 64.82 W
2026/10/09 10:56:56.418, 39, 1410 MHz, 64.58 W
2026/10/09 10:56:57.418, 39, 1410 MHz, 64.64 W
2026/10/09 10:56:58.419, 39, 1410 MHz, 64.91 W
2026/10/09 10:56:59.419, 38, 1410 MHz, 64.84 W
2026/10/09 10:57:00.419, 38, 1410 MHz, 64.69 W
2026/10/09 10:57:01.419, 38, 1410 MHz, 64.76 W
2026/10/09 10:57:02.419, 38, 1410 MHz, 64.67 W
2026/10/09 10:57:03.420, 38, 1410 MHz, 64.62 W
2026/10/09 10:57:04.420, 47, 1275 MHz, 247.19 W
2026/10/09 10:57:05.420, 48, 1245 MHz, 346.67 W
2026/10/09 10:57:06.420, 49, 1245 MHz, 348.35 W
2026/10/09 10:57:07.420, 49, 1320 MHz, 339.60 W
2026/10/09 10:57:08.421, 49, 1215 MHz, 347.71 W
2026/10/09 10:57:09.421, 50, 1260 MHz, 344.28 W
2026/10/09 10:57:10.421, 50, 1215 MHz, 349.31 W
2026/10/09 10:57:11.421, 51, 1260 MHz, 319.42 W
2026/10/09 10:57:12.422, 52, 1335 MHz, 345.28 W
2026/10/09 10:57:13.422, 52, 1260 MHz, 342.96 W
2026/10/09 10:57:14.422, 53, 1380 MHz, 345.03 W
2026/10/09 10:57:15.422, 53, 1365 MHz, 347.15 W
2026/10/09 10:57:16.422, 54, 1380 MHz, 344.43 W
2026/10/09 10:57:17.423, 54, 1365 MHz, 347.43 W
2026/10/09 10:57:18.423, 55, 1320 MHz, 340.39 W
2026/10/09 10:57:19.423, 55, 1320 MHz, 348.36 W
2026/10/09 10:57:20.423, 52, 1275 MHz, 336.96 W
2026/10/09 10:57:21.423, 56, 1365 MHz, 287.57 W
2026/10/09 10:57:22.424, 55, 1245 MHz, 343.81 W
2026/10/09 10:57:23.424, 55, 1320 MHz, 303.35 W
2026/10/09 10:57:24.424, 56, 1350 MHz, 346.53 W
2026/10/09 10:57:25.424, 56, 1275 MHz, 347.55 W
2026/10/09 10:57:26.425, 56, 1305 MHz, 313.22 W
2026/10/09 10:57:27.425, 56, 1260 MHz, 344.67 W
2026/10/09 10:57:28.425, 49, 1410 MHz, 195.96 W
2026/10/09 10:57:29.425, 47, 1410 MHz, 68.67 W
2026/10/09 10:57:30.425, 47, 1410 MHz, 68.18 W
2026/10/09 10:57:31.426, 46, 1410 MHz, 67.91 W
2026/10/09 10:57:32.426, 46, 1410 MHz, 67.54 W
2026/10/09 10:57:33.426, 45, 1410 MHz, 67.33 W
2026/10/09 10:57:34.426, 45, 1410 MHz, 67.11 W
2026/10/09 10:57:35.426, 44, 1410 MHz, 66.92 W
2026/10/09 10:57:36.427, 44, 1410 MHz, 66.73 W
2026/10/09 10:57:37.427, 43, 1410 MHz, 66.61 W
2026/10/09 10:57:38.427, 43, 1410 MHz, 66.42 W
2026/10/09 10:57:39.427, 43, 1410 MHz, 66.27 W
2026/10/09 10:57:40.427, 43, 1410 MHz, 66.15 W
2026/10/09 10:57:41.428, 42, 1410 MHz, 66.07 W
2026/10/09 10:57:42.428, 42, 1410 MHz, 65.89 W
2026/10/09 10:57:43.428, 42, 1410 MHz, 65.71 W
2026/10/09 10:57:44.428, 41, 1410 MHz, 65.63 W
2026/10/09 10:57:45.428, 41, 1410 MHz, 65.65 W
2026/10/09 10:57:46.428, 41, 1410 MHz, 65.78 W
2026/10/09 10:57:47.429, 41, 1410 MHz, 65.71 W
2026/10/09 10:57:48.429, 40, 1410 MHz, 65.60 W
2026/10/09 10:57:49.429, 40, 1410 MHz, 65.48 W
2026/10/09 10:57:50.429, 40, 1410 MHz, 65.42 W
2026/10/09 10:57:51.429, 40, 1410 MHz, 65.33 W
2026/10/09 10:57:52.430, 40, 1410 MHz, 65.23 W
2026/10/09 10:57:53.430, 39, 1410 MHz, 65.15 W
2026/10/09 10:57:54.430, 39, 1410 MHz, 65.04 W
2026/10/09 10:57:55.430, 39, 1410 MHz, 65.05 W
2026/10/09 10:57:56.431, 39, 1410 MHz, 64.99 W
2026/10/09 10:57:57.431, 39, 1410 MHz, 64.94 W
2026/10/09 10:57:58.431, 39, 1410 MHz, 64.90 W
2026/10/09 10:57:59.431, 47, 1410 MHz, 241.80 W
2026/10/09 10:58:00.432, 46, 1410 MHz, 319.58 W
2026/10/09 10:58:01.432, 47, 1410 MHz, 323.70 W
2026/10/09 10:58:02.432, 48, 1380 MHz, 326.26 W
2026/10/09 10:58:03.432, 49, 1230 MHz, 345.70 W
2026/10/09 10:58:04.432, 50, 1140 MHz, 348.16 W
2026/10/09 10:58:05.433, 42, 1410 MHz, 140.37 W
2026/10/09 10:58:06.433, 42, 1410 MHz, 66.01 W
2026/10/09 10:58:07.433, 41, 1410 MHz, 65.73 W
2026/10/09 10:58:08.433, 41, 1410 MHz, 65.73 W
2026/10/09 10:58:09.434, 40, 1410 MHz, 65.61 W
2026/10/09 10:58:10.434, 40, 1410 MHz, 65.55 W
2026/10/09 10:58:11.434, 40, 1410 MHz, 65.41 W
2026/10/09 10:58:12.434, 40, 1410 MHz, 65.08 W
2026/10/09 10:58:13.435, 40, 1410 MHz, 65.28 W
2026/10/09 10:58:14.435, 39, 1410 MHz, 65.22 W
2026/10/09 10:58:15.435, 39, 1410 MHz, 65.12 W
2026/10/09 10:58:16.435, 39, 1410 MHz, 65.07 W
2026/10/09 10:58:17.436, 39, 1410 MHz, 64.98 W
2026/10/09 10:58:18.436, 39, 1410 MHz, 65.01 W
2026/10/09 10:58:19.436, 39, 1410 MHz, 64.85 W
2026/10/09 10:58:20.436, 38, 1410 MHz, 64.78 W
2026/10/09 10:58:21.436, 38, 1410 MHz, 64.76 W
2026/10/09 10:58:22.437, 38, 1410 MHz, 64.67 W
2026/10/09 10:58:23.437, 38, 1410 MHz, 64.62 W
2026/10/09 10:58:24.437, 38, 1410 MHz, 64.53 W
2026/10/09 10:58:25.437, 38, 1410 MHz, 64.59 W
2026/10/09 10:58:26.437, 38, 1410 MHz, 64.49 W
2026/10/09 10:58:27.438, 37, 1410 MHz, 64.48 W
2026/10/09 10:58:28.438, 37, 1410 MHz, 64.43 W
2026/10/09 10:58:29.438, 37, 1410 MHz, 64.41 W
2026/10/09 10:58:30.438, 37, 1410 MHz, 64.36 W
2026/10/09 10:58:31.439, 37, 1410 MHz, 64.29 W
2026/10/09 10:58:32.439, 37, 1410 MHz, 64.31 W
2026/10/09 10:58:33.439, 37, 1410 MHz, 64.25 W
2026/10/09 10:58:34.439, 37, 1410 MHz, 64.15 W
2026/10/09 10:58:35.439, 37, 1410 MHz, 64.10 W
2026/10/09 10:58:36.440, 45, 1290 MHz, 320.66 W
2026/10/09 10:58:37.440, 43, 1410 MHz, 342.97 W
2026/10/09 10:58:38.440, 47, 1230 MHz, 347.30 W
2026/10/09 10:58:39.440, 48, 1245 MHz, 340.33 W
2026/10/09 10:58:40.441, 46, 1365 MHz, 339.08 W
2026/10/09 10:58:41.441, 48, 1230 MHz, 349.16 W
2026/10/09 10:58:42.441, 50, 1260 MHz, 349.97 W
2026/10/09 10:58:43.441, 51, 1245 MHz, 326.88 W
2026/10/09 10:58:44.441, 51, 1290 MHz, 345.01 W
2026/10/09 10:58:45.442, 51, 1290 MHz, 343.86 W
2026/10/09 10:58:46.442, 52, 1305 MHz, 345.89 W
2026/10/09 10:58:47.442, 52, 1320 MHz, 346.60 W
2026/10/09 10:58:48.442, 52, 1350 MHz, 346.14 W
2026/10/09 10:58:49.443, 53, 1290 MHz, 347.99 W
2026/10/09 10:58:50.443, 53, 1260 MHz, 343.31 W
2026/10/09 10:58:51.443, 53, 1245 MHz, 346.28 W
2026/10/09 10:58:52.443, 50, 1410 MHz, 269.55 W
2026/10/09 10:58:53.443, 53, 1230 MHz, 347.49 W
2026/10/09 10:58:54.444, 55, 1215 MHz, 347.01 W
2026/10/09 10:58:55.444, 55, 1305 MHz, 307.61 W
2026/10/09 10:58:56.444, 55, 1320 MHz, 346.02 W
2026/10/09 10:58:57.444, 50, 1410 MHz, 303.27 W
2026/10/09 10:58:58.444, 55, 1185 MHz, 348.86 W
2026/10/09 10:58:59.445, 56, 1290 MHz, 348.04 W
2026/10/09 10:59:00.445, 47, 1410 MHz, 153.93 W
2026/10/09 10:59:01.445, 46, 1410 MHz, 68.17 W
2026/10/09 10:59:02.445, 46, 1410 MHz, 67.76 W
2026/10/09 10:59:03.446, 45, 1410 MHz, 67.52 W
2026/10/09 10:59:04.446, 45, 1410 MHz, 67.17 W
2026/10/09 10:59:05.446, 44, 1410 MHz, 66.92 W
2026/10/09 10:59:06.446, 44, 1410 MHz, 66.73 W
2026/10/09 10:59:07.446, 43, 1410 MHz, 66.62 W
2026/10/09 10:59:08.447, 43, 1410 MHz, 66.46 W
2026/10/09 10:59:09.447, 43, 1410 MHz, 66.24 W
2026/10/09 10:59:10.447, 42, 1410 MHz, 66.13 W
2026/10/09 10:59:11.448, 42, 1410 MHz, 65.97 W
2026/10/09 10:59:12.449, 42, 1410 MHz, 65.86 W
2026/10/09 10:59:13.449, 42, 1410 MHz, 65.68 W
2026/10/09 10:59:14.449, 41, 1410 MHz, 65.66 W
2026/10/09 10:59:15.449, 41, 1410 MHz, 65.44 W
2026/10/09 10:59:16.449, 41, 1410 MHz, 65.41 W
2026/10/09 10:59:17.449, 40, 1410 MHz, 65.24 W
2026/10/09 10:59:18.450, 40, 1410 MHz, 65.14 W
2026/10/09 10:59:19.450, 40, 1410 MHz, 65.15 W
2026/10/09 10:59:20.450, 40, 1410 MHz, 65.03 W
2026/10/09 10:59:21.450, 40, 1410 MHz, 64.88 W
2026/10/09 10:59:22.450, 39, 1410 MHz, 65.09 W
2026/10/09 10:59:23.450, 39, 1410 MHz, 65.09 W
2026/10/09 10:59:24.451, 39, 1410 MHz, 65.00 W
2026/10/09 10:59:25.451, 39, 1410 MHz, 64.91 W
2026/10/09 10:59:26.451, 39, 1410 MHz, 64.90 W
2026/10/09 10:59:27.451, 39, 1410 MHz, 64.87 W
2026/10/09 10:59:28.451, 38, 1410 MHz, 64.71 W
2026/10/09 10:59:29.452, 38, 1410 MHz, 64.74 W
2026/10/09 10:59:30.452, 38, 1410 MHz, 64.57 W
2026/10/09 10:59:31.452, 45, 1410 MHz, 281.83 W
2026/10/09 10:59:32.452, 46, 1410 MHz, 321.67 W
2026/10/09 10:59:33.452, 46, 1410 MHz, 322.77 W
2026/10/09 10:59:34.453, 47, 1410 MHz, 326.91 W
2026/10/09 10:59:35.453, 49, 1140 MHz, 345.40 W
2026/10/09 10:59:36.453, 49, 1185 MHz, 345.30 W
2026/10/09 10:59:37.453, 42, 1410 MHz, 101.17 W
2026/10/09 10:59:38.453, 41, 1410 MHz, 65.70 W
2026/10/09 10:59:39.453, 41, 1410 MHz, 65.50 W
2026/10/09 10:59:40.454, 40, 1410 MHz, 65.35 W
2026/10/09 10:59:41.454, 40, 1410 MHz, 65.48 W
2026/10/09 10:59:42.454, 40, 1410 MHz, 65.43 W
2026/10/09 10:59:43.454, 40, 1410 MHz, 65.27 W
2026/10/09 10:59:44.454, 39, 1410 MHz, 65.15 W
2026/10/09 10:59:45.454, 39, 1410 MHz, 65.07 W
2026/10/09 10:59:46.455, 39, 1410 MHz, 65.02 W
2026/10/09 10:59:47.455, 39, 1410 MHz, 65.01 W
2026/10/09 10:59:48.455, 39, 1410 MHz, 64.92 W
2026/10/09 10:59:49.455, 38, 1410 MHz, 64.86 W
2026/10/09 10:59:50.455, 38, 1410 MHz, 64.75 W
2026/10/09 10:59:51.456, 38, 1410 MHz, 64.66 W
2026/10/09 10:59:52.456, 38, 1410 MHz, 64.61 W
2026/10/09 10:59:53.456, 38, 1410 MHz, 64.64 W
2026/10/09 10:59:54.456, 38, 1410 MHz, 64.57 W
2026/10/09 10:59:55.456, 38, 1410 MHz, 64.47 W
2026/10/09 10:59:56.457, 37, 1410 MHz, 64.49 W
2026/10/09 10:59:57.457, 37, 1410 MHz, 64.49 W
2026/10/09 10:59:58.457, 37, 1410 MHz, 64.40 W
2026/10/09 10:59:59.457, 37, 1410 MHz, 64.38 W
2026/10/09 11:00:00.457, 37, 1410 MHz, 64.32 W
2026/10/09 11:00:01.457, 37, 1410 MHz, 64.35 W
2026/10/09 11:00:02.458, 37, 1410 MHz, 64.22 W
2026/10/09 11:00:03.458, 37, 1410 MHz, 64.29 W
2026/10/09 11:00:04.458, 37, 1410 MHz, 64.16 W
2026/10/09 11:00:05.458, 37, 1410 MHz, 64.10 W
2026/10/09 11:00:06.458, 37, 1410 MHz, 64.13 W
2026/10/09 11:00:07.459, 36, 1410 MHz, 64.15 W
2026/10/09 11:00:08.459, 45, 1140 MHz, 326.82 W
2026/10/09 11:00:09.459, 45, 1275 MHz, 339.98 W
2026/10/09 11:00:10.459, 46, 1185 MHz, 343.41 W
2026/10/09 11:00:11.459, 48, 1260 MHz, 339.29 W
2026/10/09 11:00:12.460, 49, 1245 MHz, 339.23 W
2026/10/09 11:00:13.460, 49, 1275 MHz, 349.79 W
2026/10/09 11:00:14.460, 50, 1200 MHz, 348.77 W
2026/10/09 11:00:15.460, 50, 1245 MHz, 328.89 W
2026/10/09 11:00:16.460, 50, 1260 MHz, 342.23 W
2026/10/09 11:00:17.461, 51, 1335 MHz, 343.06 W
2026/10/09 11:00:18.461, 52, 1275 MHz, 342.05 W
2026/10/09 11:00:19.461, 53, 1230 MHz, 345.13 W
2026/10/09 11:00:20.461, 53, 1380 MHz, 347.33 W
2026/10/09 11:00:21.461, 53, 1320 MHz, 344.01 W
2026/10/09 11:00:22.462, 53, 1335 MHz, 343.98 W
2026/10/09 11:00:23.462, 53, 1320 MHz, 345.57 W
2026/10/09 11:00:24.462, 46, 1365 MHz, 268.31 W
2026/10/09 11:00:25.462, 53, 1230 MHz, 349.14 W
2026/10/09 11:00:26.462, 53, 1245 MHz, 345.44 W
2026/10/09 11:00:27.462, 55, 1230 MHz, 304.99 W
2026/10/09 11:00:28.463, 54, 1245 MHz, 347.24 W
2026/10/09 11:00:29.463, 53, 1350 MHz, 302.33 W
2026/10/09 11:00:30.463, 55, 1170 MHz, 351.68 W
2026/10/09 11:00:31.463, 55, 1260 MHz, 344.67 W
2026/10/09 11:00:32.463, 47, 1410 MHz, 118.13 W
2026/10/09 11:00:33.464, 46, 1410 MHz, 68.03 W
2026/10/09 11:00:34.464, 45, 1410 MHz, 67.65 W
2026/10/09 11:00:35.464, 45, 1410 MHz, 67.29 W
2026/10/09 11:00:36.464, 44, 1410 MHz, 67.05 W
2026/10/09 11:00:37.464, 44, 1410 MHz, 66.83 W
2026/10/09 11:00:38.465, 44, 1410 MHz, 66.59 W
2026/10/09 11:00:39.465, 43, 1410 MHz, 66.51 W
2026/10/09 11:00:40.465, 43, 1410 MHz, 66.37 W
2026/10/09 11:00:41.465, 43, 1410 MHz, 66.12 W
2026/10/09 11:00:42.465, 42, 1410 MHz, 66.05 W
2026/10/09 11:00:43.466, 42, 1410 MHz, 65.90 W
2026/10/09 11:00:44.466, 42, 1410 MHz, 65.72 W
2026/10/09 11:00:45.466, 41, 1410 MHz, 65.94 W
2026/10/09 11:00:46.466, 41, 1410 MHz, 65.90 W
2026/10/09 11:00:47.466, 41, 1410 MHz, 65.75 W
2026/10/09 11:00:48.467, 41, 1410 MHz, 65.68 W
2026/10/09 11:00:49.467, 40, 1410 MHz, 65.53 W
2026/10/09 11:00:50.467, 40, 1410 MHz, 65.46 W
2026/10/09 11:00:51.467, 40, 1410 MHz, 65.40 W
2026/10/09 11:00:52.467, 40, 1410 MHz, 65.33 W
2026/10/09 11:00:53.468, 39, 1410 MHz, 65.12 W
2026/10/09 11:00:54.468, 39, 1410 MHz, 65.04 W
2026/10/09 11:00:55.468, 39, 1410 MHz, 65.08 W
2026/10/09 11:00:56.468, 39, 1410 MHz, 65.01 W
2026/10/09 11:00:57.468, 39, 1410 MHz, 64.92 W
2026/10/09 11:00:58.469, 39, 1410 MHz, 64.88 W
2026/10/09 11:00:59.469, 38, 1410 MHz, 64.75 W
2026/10/09 11:01:00.469, 38, 1410 MHz, 64.73 W
2026/10/09 11:01:01.469, 38, 1410 MHz, 64.63 W
2026/10/09 11:01:02.469, 38, 1410 MHz, 64.59 W
2026/10/09 11:01:03.470, 45, 1410 MHz, 299.77 W
2026/10/09 11:01:04.470, 45, 1410 MHz, 320.67 W
2026/10/09 11:01:05.470, 46, 1410 MHz, 322.92 W
2026/10/09 11:01:06.470, 47, 1395 MHz, 325.70 W
2026/10/09 11:01:07.470, 49, 1080 MHz, 346.25 W
2026/10/09 11:01:08.471, 49, 1140 MHz, 341.72 W
2026/10/09 11:01:09.471, 42, 1410 MHz, 78.46 W
2026/10/09 11:01:10.471, 41, 1410 MHz, 65.70 W
2026/10/09 11:01:11.471, 41, 1410 MHz, 65.47 W
2026/10/09 11:01:12.471, 40, 1410 MHz, 65.37 W
2026/10/09 11:01:13.472, 40, 1410 MHz, 65.11 W
2026/10/09 11:01:14.472, 40, 1410 MHz, 65.31 W
2026/10/09 11:01:15.472, 39, 1410 MHz, 65.24 W
2026/10/09 11:01:16.472, 39, 1410 MHz, 65.19 W
2026/10/09 11:01:17.472, 39, 1410 MHz, 65.12 W
2026/10/09 11:01:18.473, 39, 1410 MHz, 65.03 W
2026/10/09 11:01:19.473, 39, 1410 MHz, 64.98 W
2026/10/09 11:01:20.473, 39, 1410 MHz, 64.91 W
2026/10/09 11:01:21.473, 38, 1410 MHz, 64.78 W
2026/10/09 11:01:22.473, 38, 1410 MHz, 64.78 W
2026/10/09 11:01:23.475, 38, 1410 MHz, 64.65 W
2026/10/09 11:01:24.475, 38, 1410 MHz, 64.53 W
2026/10/09 11:01:25.475, 38, 1410 MHz, 64.54 W
2026/10/09 11:01:26.475, 38, 1410 MHz, 64.50 W
2026/10/09 11:01:27.475, 38, 1410 MHz, 64.58 W
2026/10/09 11:01:28.476, 37, 1410 MHz, 64.45 W
2026/10/09 11:01:29.476, 37, 1410 MHz, 64.44 W
2026/10/09 11:01:30.476, 37, 1410 MHz, 64.49 W
2026/10/09 11:01:31.476, 37, 1410 MHz, 64.30 W
2026/10/09 11:01:32.476, 37, 1410 MHz, 64.24 W
2026/10/09 11:01:33.477, 37, 1410 MHz, 64.22 W
2026/10/09 11:01:34.477, 37, 1410 MHz, 64.24 W
2026/10/09 11:01:35.477, 37, 1410 MHz, 64.08 W
2026/10/09 11:01:36.477, 37, 1410 MHz, 64.12 W
2026/10/09 11:01:37.477, 37, 1410 MHz, 64.12 W
2026/10/09 11:01:38.477, 36, 1410 MHz, 64.07 W
2026/10/09 11:01:39.478, 40, 1410 MHz, 93.60 W
2026/10/09 11:01:40.478, 45, 1155 MHz, 341.84 W
2026/10/09 11:01:41.478, 46, 1155 MHz, 345.47 W
2026/10/09 11:01:42.478, 47, 1275 MHz, 354.57 W
2026/10/09 11:01:43.478, 48, 1215 MHz, 340.12 W
2026/10/09 11:01:44.479, 48, 1245 MHz, 335.62 W
2026/10/09 11:01:45.479, 49, 975 MHz, 350.02 W
2026/10/09 11:01:46.479, 49, 1215 MHz, 344.68 W
2026/10/09 11:01:47.479, 50, 1230 MHz, 346.84 W
2026/10/09 11:01:48.479, 50, 1035 MHz, 327.37 W
2026/10/09 11:01:49.480, 51, 1350 MHz, 325.06 W
2026/10/09 11:01:50.480, 51, 1305 MHz, 346.24 W
2026/10/09 11:01:51.480, 51, 945 MHz, 351.62 W
2026/10/09 11:01:52.480, 52, 1245 MHz, 347.21 W
2026/10/09 11:01:53.480, 53, 1260 MHz, 347.90 W
2026/10/09 11:01:54.481, 54, 1290 MHz, 342.12 W
2026/10/09 11:01:55.481, 53, 1290 MHz, 346.71 W
2026/10/09 11:01:56.481, 53, 1350 MHz, 340.06 W
2026/10/09 11:01:57.481, 53, 1245 MHz, 344.23 W
2026/10/09 11:01:58.481, 52, 1170 MHz, 347.64 W
2026/10/09 11:01:59.482, 55, 1020 MHz, 297.18 W
2026/10/09 11:02:00.482, 54, 1230 MHz, 336.82 W
2026/10/09 11:02:01.482, 55, 1290 MHz, 345.60 W
2026/10/09 11:02:02.482, 55, 1185 MHz, 304.69 W
2026/10/09 11:02:03.483, 55, 1320 MHz, 345.29 W
2026/10/09 11:02:04.483, 49, 1410 MHz, 316.78 W
2026/10/09 11:02:05.483, 55, 1260 MHz, 331.97 W
2026/10/09 11:02:06.483, 57, 1260 MHz, 344.55 W
2026/10/09 11:02:07.483, 48, 1410 MHz, 146.11 W
2026/10/09 11:02:08.484, 47, 1410 MHz, 68.44 W
2026/10/09 11:02:09.484, 46, 1410 MHz, 68.04 W
2026/10/09 11:02:10.484, 46, 1410 MHz, 67.77 W
2026/10/09 11:02:11.484, 45, 1410 MHz, 67.49 W
2026/10/09 11:02:12.484, 45, 1410 MHz, 67.17 W
2026/10/09 11:02:13.485, 44, 1410 MHz, 66.98 W
2026/10/09 11:02:14.485, 44, 1410 MHz, 66.83 W
2026/10/09 11:02:15.485, 44, 1410 MHz, 66.67 W
2026/10/09 11:02:16.485, 43, 1410 MHz, 66.50 W
2026/10/09 11:02:17.485, 43, 1410 MHz, 66.29 W
2026/10/09 11:02:18.486, 43, 1410 MHz, 66.17 W
2026/10/09 11:02:19.486, 42, 1410 MHz, 66.09 W
2026/10/09 11:02:20.486, 42, 1410 MHz, 65.94 W
2026/10/09 11:02:21.486, 42, 1410 MHz, 65.84 W
2026/10/09 11:02:22.486, 41, 1410 MHz, 65.70 W
2026/10/09 11:02:23.486, 41, 1410 MHz, 65.54 W
2026/10/09 11:02:24.487, 41, 1410 MHz, 65.52 W
2026/10/09 11:02:25.487, 41, 1410 MHz, 65.41 W
2026/10/09 11:02:26.487, 40, 1410 MHz, 65.33 W
2026/10/09 11:02:27.487, 40, 1410 MHz, 65.13 W
2026/10/09 11:02:28.488, 40, 1410 MHz, 65.07 W
2026/10/09 11:02:29.488, 40, 1410 MHz, 65.09 W
2026/10/09 11:02:30.488, 40, 1410 MHz, 65.32 W
2026/10/09 11:02:31.488, 39, 1410 MHz, 65.19 W
2026/10/09 11:02:32.489, 39, 1410 MHz, 65.11 W
2026/10/09 11:02:33.489, 39, 1410 MHz, 65.07 W
2026/10/09 11:02:34.489, 39, 1410 MHz, 65.01 W
2026/10/09 11:02:35.489, 39, 1410 MHz, 64.99 W
2026/10/09 11:02:36.489, 39, 1410 MHz, 64.92 W
2026/10/09 11:02:37.490, 39, 1410 MHz, 64.82 W
2026/10/09 11:02:38.490, 45, 1125 MHz, 216.95 W
2026/10/09 11:02:39.490, 45, 1410 MHz, 289.03 W
2026/10/09 11:02:40.490, 46, 1410 MHz, 301.59 W
2026/10/09 11:02:41.490, 47, 1410 MHz, 319.14 W
2026/10/09 11:02:42.491, 48, 1410 MHz, 320.58 W
2026/10/09 11:02:43.491, 50, 1080 MHz, 346.86 W
2026/10/09 11:02:44.491, 50, 1095 MHz, 345.99 W
