2026/10/09 03:53:30.714, 29, 1410 MHz, 188.72 W
2026/10/09 03:53:31.718, 28, 1410 MHz, 67.44 W
2026/10/09 03:53:32.718, 28, 1410 MHz, 66.48 W
2026/10/09 03:53:33.718, 28, 1410 MHz, 66.40 W
2026/10/09 03:53:34.718, 28, 1410 MHz, 66.21 W
2026/10/09 03:53:35.718, 27, 1410 MHz, 66.20 W
2026/10/09 03:53:36.718, 27, 1410 MHz, 66.20 W
2026/10/09 03:53:37.719, 27, 1410 MHz, 66.15 W
2026/10/09 03:53:38.719, 27, 1410 MHz, 66.15 W
2026/10/09 03:53:39.719, 27, 1410 MHz, 66.07 W
2026/10/09 03:53:40.719, 27, 1410 MHz, 66.07 W
2026/10/09 03:53:41.719, 27, 1410 MHz, 66.09 W
2026/10/09 03:53:42.719, 27, 1410 MHz, 66.06 W
2026/10/09 03:53:43.720, 27, 1410 MHz, 66.02 W
2026/10/09 03:53:44.720, 31, 1410 MHz, 244.72 W
2026/10/09 03:53:45.720, 32, 1410 MHz, 233.11 W
2026/10/09 03:53:46.720, 35, 1380 MHz, 256.15 W
2026/10/09 03:53:47.720, 30, 1410 MHz, 268.99 W
2026/10/09 03:53:48.720, 29, 1410 MHz, 67.24 W
2026/10/09 03:53:49.721, 29, 1410 MHz, 66.72 W
2026/10/09 03:53:50.721, 29, 1410 MHz, 66.63 W
2026/10/09 03:53:51.721, 28, 1410 MHz, 66.53 W
2026/10/09 03:53:52.721, 28, 1410 MHz, 66.48 W
2026/10/09 03:53:53.721, 28, 1410 MHz, 66.34 W
2026/10/09 03:53:54.721, 28, 1410 MHz, 66.35 W
2026/10/09 03:53:55.722, 28, 1410 MHz, 66.33 W
2026/10/09 03:53:56.722, 28, 1410 MHz, 66.34 W
2026/10/09 03:53:57.722, 28, 1410 MHz, 66.27 W
2026/10/09 03:53:58.722, 28, 1410 MHz, 66.24 W
2026/10/09 03:53:59.722, 28, 1410 MHz, 66.17 W
2026/10/09 03:54:00.722, 32, 1410 MHz, 121.63 W
2026/10/09 03:54:01.723, 35, 1410 MHz, 292.33 W
2026/10/09 03:54:02.723, 35, 1410 MHz, 289.10 W
2026/10/09 03:54:03.723, 35, 1410 MHz, 269.35 W
2026/10/09 03:54:04.723, 36, 1410 MHz, 286.59 W
2026/10/09 03:54:05.723, 36, 1410 MHz, 256.64 W
2026/10/09 03:54:06.723, 37, 1410 MHz, 274.61 W
2026/10/09 03:54:07.724, 37, 1410 MHz, 256.55 W
2026/10/09 03:54:08.724, 37, 1410 MHz, 275.90 W
2026/10/09 03:54:09.724, 38, 1410 MHz, 270.39 W
2026/10/09 03:54:10.724, 38, 1410 MHz, 269.03 W
2026/10/09 03:54:11.724, 39, 1410 MHz, 275.69 W
2026/10/09 03:54:12.724, 38, 1410 MHz, 207.40 W
2026/10/09 03:54:13.725, 39, 1410 MHz, 276.03 W
2026/10/09 03:54:14.725, 39, 1410 MHz, 236.00 W
2026/10/09 03:54:15.725, 39, 1410 MHz, 277.12 W
2026/10/09 03:54:16.725, 39, 1410 MHz, 236.21 W
2026/10/09 03:54:17.725, 40, 1410 MHz, 278.53 W
2026/10/09 03:54:18.726, 34, 1410 MHz, 76.36 W
2026/10/09 03:54:19.726, 33, 1410 MHz, 68.52 W
2026/10/09 03:54:20.726, 33, 1410 MHz, 68.29 W
2026/10/09 03:54:21.726, 33, 1410 MHz, 68.09 W
2026/10/09 03:54:22.726, 32, 1410 MHz, 67.93 W
2026/10/09 03:54:23.726, 32, 1410 MHz, 67.89 W
2026/10/09 03:54:24.727, 32, 1410 MHz, 67.73 W
2026/10/09 03:54:25.727, 32, 1410 MHz, 67.71 W
2026/10/09 03:54:26.727, 32, 1410 MHz, 67.56 W
2026/10/09 03:54:27.727, 31, 1410 MHz, 67.46 W
2026/10/09 03:54:28.727, 31, 1410 MHz, 67.48 W
2026/10/09 03:54:29.727, 31, 1410 MHz, 67.25 W
2026/10/09 03:54:30.728, 31, 1410 MHz, 67.26 W
2026/10/09 03:54:31.728, 35, 1410 MHz, 233.84 W
2026/10/09 03:54:32.728, 35, 1410 MHz, 233.29 W
2026/10/09 03:54:33.728, 37, 1410 MHz, 246.16 W
2026/10/09 03:54:34.728, 35, 1410 MHz, 296.95 W
2026/10/09 03:54:35.728, 32, 1410 MHz, 69.02 W
2026/10/09 03:54:36.729, 32, 1410 MHz, 68.32 W
2026/10/09 03:54:37.729, 32, 1410 MHz, 68.15 W
2026/10/09 03:54:38.729, 31, 1410 MHz, 67.93 W
2026/10/09 03:54:39.729, 31, 1410 MHz, 67.83 W
2026/10/09 03:54:40.729, 31, 1410 MHz, 67.68 W
2026/10/09 03:54:41.730, 31, 1410 MHz, 67.61 W
2026/10/09 03:54:42.730, 31, 1410 MHz, 67.55 W
2026/10/09 03:54:43.730, 30, 1410 MHz, 67.51 W
2026/10/09 03:54:44.730, 30, 1410 MHz, 67.37 W
2026/10/09 03:54:45.730, 30, 1410 MHz, 67.39 W
2026/10/09 03:54:46.730, 30, 1410 MHz, 67.27 W
2026/10/09 03:54:47.731, 30, 1410 MHz, 85.45 W
2026/10/09 03:54:48.731, 36, 1410 MHz, 284.65 W
2026/10/09 03:54:49.731, 37, 1410 MHz, 282.24 W
2026/10/09 03:54:50.731, 37, 1410 MHz, 266.29 W
2026/10/09 03:54:51.731, 38, 1410 MHz, 267.85 W
2026/10/09 03:54:52.731, 38, 1410 MHz, 275.77 W
2026/10/09 03:54:53.732, 36, 1410 MHz, 225.23 W
2026/10/09 03:54:54.732, 38, 1410 MHz, 258.03 W
2026/10/09 03:54:55.732, 38, 1410 MHz, 247.49 W
2026/10/09 03:54:56.732, 37, 1410 MHz, 250.73 W
2026/10/09 03:54:57.732, 38, 1410 MHz, 256.79 W
2026/10/09 03:54:58.732, 39, 1410 MHz, 249.15 W
2026/10/09 03:54:59.733, 39, 1410 MHz, 255.86 W
2026/10/09 03:55:00.733, 39, 1410 MHz, 190.53 W
2026/10/09 03:55:01.733, 40, 1410 MHz, 258.04 W
2026/10/09 03:55:02.733, 39, 1410 MHz, 221.68 W
2026/10/09 03:55:03.733, 40, 1410 MHz, 256.57 W
2026/10/09 03:55:04.733, 40, 1410 MHz, 222.21 W
2026/10/09 03:55:05.734, 40, 1410 MHz, 257.88 W
2026/10/09 03:55:06.734, 35, 1410 MHz, 102.20 W
2026/10/09 03:55:07.734, 34, 1410 MHz, 68.87 W
2026/10/09 03:55:08.734, 34, 1410 MHz, 68.67 W
2026/10/09 03:55:09.734, 34, 1410 MHz, 68.52 W
2026/10/09 03:55:10.734, 33, 1410 MHz, 68.28 W
2026/10/09 03:55:11.734, 33, 1410 MHz, 68.18 W
2026/10/09 03:55:12.735, 33, 1410 MHz, 68.06 W
2026/10/09 03:55:13.735, 33, 1410 MHz, 67.94 W
2026/10/09 03:55:14.735, 32, 1410 MHz, 67.95 W
2026/10/09 03:55:15.735, 32, 1410 MHz, 67.74 W
2026/10/09 03:55:16.735, 32, 1410 MHz, 67.70 W
2026/10/09 03:55:17.735, 32, 1410 MHz, 67.64 W
2026/10/09 03:55:18.736, 32, 1410 MHz, 67.57 W
2026/10/09 03:55:19.736, 35, 1410 MHz, 213.20 W
2026/10/09 03:55:20.736, 36, 1410 MHz, 230.57 W
2026/10/09 03:55:21.736, 36, 1410 MHz, 234.48 W
2026/10/09 03:55:22.736, 40, 1410 MHz, 332.68 W
2026/10/09 03:55:23.736, 33, 1410 MHz, 69.41 W
2026/10/09 03:55:24.737, 32, 1410 MHz, 68.53 W
2026/10/09 03:55:25.737, 32, 1410 MHz, 68.26 W
2026/10/09 03:55:26.737, 32, 1410 MHz, 68.18 W
2026/10/09 03:55:27.737, 32, 1410 MHz, 68.07 W
2026/10/09 03:55:28.737, 31, 1410 MHz, 67.97 W
2026/10/09 03:55:29.737, 31, 1410 MHz, 67.89 W
2026/10/09 03:55:30.737, 31, 1410 MHz, 67.81 W
2026/10/09 03:55:31.738, 31, 1410 MHz, 67.75 W
2026/10/09 03:55:32.738, 31, 1410 MHz, 67.65 W
2026/10/09 03:55:33.738, 31, 1410 MHz, 67.58 W
2026/10/09 03:55:34.738, 30, 1410 MHz, 67.60 W
2026/10/09 03:55:35.738, 34, 1410 MHz, 122.02 W
2026/10/09 03:55:36.738, 37, 1410 MHz, 288.35 W
2026/10/09 03:55:37.739, 37, 1410 MHz, 287.90 W
2026/10/09 03:55:38.739, 38, 1410 MHz, 258.82 W
2026/10/09 03:55:39.739, 38, 1410 MHz, 273.80 W
2026/10/09 03:55:40.739, 36, 1410 MHz, 250.59 W
2026/10/09 03:55:41.739, 38, 1410 MHz, 254.40 W
2026/10/09 03:55:42.740, 39, 1410 MHz, 264.18 W
2026/10/09 03:55:43.740, 39, 1410 MHz, 247.17 W
2026/10/09 03:55:44.740, 39, 1410 MHz, 248.86 W
2026/10/09 03:55:45.740, 39, 1410 MHz, 256.64 W
2026/10/09 03:55:46.740, 39, 1410 MHz, 250.95 W
2026/10/09 03:55:47.740, 40, 1410 MHz, 256.12 W
2026/10/09 03:55:48.740, 39, 1410 MHz, 195.29 W
2026/10/09 03:55:49.741, 40, 1410 MHz, 255.96 W
2026/10/09 03:55:50.741, 40, 1410 MHz, 220.29 W
2026/10/09 03:55:51.741, 41, 1410 MHz, 258.07 W
2026/10/09 03:55:52.741, 41, 1410 MHz, 222.13 W
2026/10/09 03:55:53.741, 38, 1410 MHz, 248.23 W
2026/10/09 03:55:54.741, 35, 1410 MHz, 70.61 W
2026/10/09 03:55:55.742, 35, 1410 MHz, 69.49 W
2026/10/09 03:55:56.742, 34, 1410 MHz, 69.27 W
2026/10/09 03:55:57.742, 34, 1410 MHz, 69.03 W
2026/10/09 03:55:58.742, 34, 1410 MHz, 68.86 W
2026/10/09 03:55:59.742, 33, 1410 MHz, 68.80 W
2026/10/09 03:56:00.742, 33, 1410 MHz, 68.68 W
2026/10/09 03:56:01.743, 33, 1410 MHz, 68.55 W
2026/10/09 03:56:02.743, 33, 1410 MHz, 68.51 W
2026/10/09 03:56:03.743, 32, 1410 MHz, 68.37 W
2026/10/09 03:56:04.743, 32, 1410 MHz, 68.27 W
2026/10/09 03:56:05.743, 32, 1410 MHz, 68.22 W
2026/10/09 03:56:06.744, 33, 1410 MHz, 74.43 W
2026/10/09 03:56:07.744, 36, 1410 MHz, 260.23 W
2026/10/09 03:56:08.744, 36, 1410 MHz, 235.79 W
2026/10/09 03:56:09.744, 39, 1410 MHz, 275.16 W
2026/10/09 03:56:10.744, 34, 1410 MHz, 239.57 W
2026/10/09 03:56:11.744, 33, 1410 MHz, 68.52 W
2026/10/09 03:56:12.744, 33, 1410 MHz, 68.22 W
2026/10/09 03:56:13.745, 32, 1410 MHz, 67.99 W
2026/10/09 03:56:14.745, 32, 1410 MHz, 67.85 W
2026/10/09 03:56:15.745, 32, 1410 MHz, 67.65 W
2026/10/09 03:56:16.745, 32, 1410 MHz, 67.67 W
2026/10/09 03:56:17.745, 31, 1410 MHz, 67.60 W
2026/10/09 03:56:18.745, 31, 1410 MHz, 67.55 W
2026/10/09 03:56:19.746, 31, 1410 MHz, 67.39 W
2026/10/09 03:56:20.746, 31, 1410 MHz, 67.35 W
2026/10/09 03:56:21.746, 31, 1410 MHz, 67.28 W
2026/10/09 03:56:22.746, 31, 1410 MHz, 67.24 W
2026/10/09 03:56:23.746, 36, 1410 MHz, 147.81 W
2026/10/09 03:56:24.746, 38, 1410 MHz, 299.14 W
2026/10/09 03:56:25.746, 38, 1410 MHz, 287.51 W
2026/10/09 03:56:26.747, 38, 1410 MHz, 271.24 W
2026/10/09 03:56:27.747, 39, 1410 MHz, 288.25 W
2026/10/09 03:56:28.747, 39, 1410 MHz, 259.80 W
2026/10/09 03:56:29.747, 38, 1410 MHz, 267.59 W
2026/10/09 03:56:30.747, 39, 1410 MHz, 269.82 W
2026/10/09 03:56:31.747, 40, 1410 MHz, 277.69 W
2026/10/09 03:56:32.748, 40, 1410 MHz, 270.36 W
2026/10/09 03:56:33.748, 40, 1410 MHz, 270.08 W
2026/10/09 03:56:34.748, 40, 1410 MHz, 276.47 W
2026/10/09 03:56:35.748, 40, 1410 MHz, 211.06 W
2026/10/09 03:56:36.748, 41, 1410 MHz, 276.88 W
2026/10/09 03:56:37.748, 41, 1410 MHz, 237.97 W
2026/10/09 03:56:38.748, 41, 1410 MHz, 277.77 W
2026/10/09 03:56:39.749, 41, 1410 MHz, 237.68 W
2026/10/09 03:56:40.749, 38, 1410 MHz, 251.31 W
2026/10/09 03:56:41.749, 36, 1410 MHz, 69.88 W
2026/10/09 03:56:42.749, 35, 1410 MHz, 68.87 W
2026/10/09 03:56:43.749, 35, 1410 MHz, 69.07 W
2026/10/09 03:56:44.749, 34, 1410 MHz, 69.05 W
2026/10/09 03:56:45.750, 34, 1410 MHz, 69.01 W
2026/10/09 03:56:46.750, 34, 1410 MHz, 68.86 W
2026/10/09 03:56:47.750, 34, 1410 MHz, 68.72 W
2026/10/09 03:56:48.750, 33, 1410 MHz, 68.63 W
2026/10/09 03:56:49.750, 33, 1410 MHz, 68.52 W
2026/10/09 03:56:50.750, 33, 1410 MHz, 68.38 W
2026/10/09 03:56:51.751, 33, 1410 MHz, 68.33 W
2026/10/09 03:56:52.751, 32, 1410 MHz, 68.19 W
2026/10/09 03:56:53.751, 37, 1410 MHz, 166.62 W
2026/10/09 03:56:54.751, 37, 1410 MHz, 234.14 W
2026/10/09 03:56:55.751, 37, 1410 MHz, 233.90 W
2026/10/09 03:56:56.751, 41, 1410 MHz, 309.95 W
2026/10/09 03:56:57.752, 34, 1410 MHz, 152.30 W
2026/10/09 03:56:58.752, 33, 1410 MHz, 68.37 W
2026/10/09 03:56:59.752, 33, 1410 MHz, 68.66 W
2026/10/09 03:57:00.752, 33, 1410 MHz, 68.46 W
2026/10/09 03:57:01.752, 32, 1410 MHz, 68.26 W
2026/10/09 03:57:02.753, 32, 1410 MHz, 68.18 W
2026/10/09 03:57:03.753, 32, 1410 MHz, 68.15 W
2026/10/09 03:57:04.753, 32, 1410 MHz, 68.06 W
2026/10/09 03:57:05.753, 32, 1410 MHz, 68.01 W
2026/10/09 03:57:06.753, 31, 1410 MHz, 67.88 W
2026/10/09 03:57:07.754, 31, 1410 MHz, 67.80 W
2026/10/09 03:57:08.754, 31, 1410 MHz, 67.72 W
2026/10/09 03:57:09.754, 31, 1410 MHz, 67.67 W
2026/10/09 03:57:10.754, 37, 1410 MHz, 196.46 W
2026/10/09 03:57:11.754, 37, 1410 MHz, 291.68 W
2026/10/09 03:57:12.755, 36, 1410 MHz, 279.48 W
2026/10/09 03:57:13.755, 39, 1410 MHz, 276.54 W
2026/10/09 03:57:14.755, 39, 1410 MHz, 288.47 W
2026/10/09 03:57:15.755, 39, 1410 MHz, 263.23 W
2026/10/09 03:57:16.755, 39, 1410 MHz, 255.73 W
2026/10/09 03:57:17.755, 40, 1410 MHz, 271.94 W
2026/10/09 03:57:18.756, 40, 1410 MHz, 275.28 W
2026/10/09 03:57:19.756, 40, 1410 MHz, 267.65 W
2026/10/09 03:57:20.756, 41, 1410 MHz, 269.39 W
2026/10/09 03:57:21.756, 41, 1410 MHz, 277.09 W
2026/10/09 03:57:22.756, 41, 1410 MHz, 208.88 W
2026/10/09 03:57:23.756, 41, 1410 MHz, 277.53 W
2026/10/09 03:57:24.757, 41, 1410 MHz, 237.17 W
2026/10/09 03:57:25.757, 38, 1410 MHz, 258.99 W
2026/10/09 03:57:26.757, 42, 1410 MHz, 252.09 W
2026/10/09 03:57:27.757, 37, 1410 MHz, 219.05 W
2026/10/09 03:57:28.757, 36, 1410 MHz, 69.83 W
2026/10/09 03:57:29.757, 35, 1410 MHz, 69.27 W
2026/10/09 03:57:30.758, 35, 1410 MHz, 69.01 W
2026/10/09 03:57:31.758, 35, 1410 MHz, 68.83 W
2026/10/09 03:57:32.758, 34, 1410 MHz, 68.71 W
2026/10/09 03:57:33.758, 34, 1410 MHz, 68.54 W
2026/10/09 03:57:34.758, 34, 1410 MHz, 68.49 W
2026/10/09 03:57:35.759, 33, 1410 MHz, 68.37 W
2026/10/09 03:57:36.759, 33, 1410 MHz, 68.20 W
2026/10/09 03:57:37.759, 33, 1410 MHz, 68.17 W
2026/10/09 03:57:38.759, 33, 1410 MHz, 67.98 W
2026/10/09 03:57:39.759, 33, 1410 MHz, 67.88 W
2026/10/09 03:57:40.759, 36, 1410 MHz, 170.38 W
2026/10/09 03:57:41.760, 36, 1410 MHz, 230.96 W
2026/10/09 03:57:42.760, 37, 1410 MHz, 231.75 W
2026/10/09 03:57:43.760, 41, 1410 MHz, 306.17 W
2026/10/09 03:57:44.760, 34, 1410 MHz, 131.28 W
2026/10/09 03:57:45.760, 34, 1410 MHz, 68.93 W
2026/10/09 03:57:46.760, 33, 1410 MHz, 68.68 W
2026/10/09 03:57:47.761, 33, 1410 MHz, 68.46 W
2026/10/09 03:57:48.761, 33, 1410 MHz, 68.33 W
2026/10/09 03:57:49.761, 32, 1410 MHz, 68.29 W
2026/10/09 03:57:50.762, 32, 1410 MHz, 68.21 W
2026/10/09 03:57:51.762, 32, 1410 MHz, 68.13 W
2026/10/09 03:57:52.762, 32, 1410 MHz, 68.00 W
2026/10/09 03:57:53.762, 32, 1410 MHz, 67.91 W
2026/10/09 03:57:54.762, 31, 1410 MHz, 67.89 W
2026/10/09 03:57:55.762, 31, 1410 MHz, 67.77 W
2026/10/09 03:57:56.763, 31, 1410 MHz, 67.73 W
2026/10/09 03:57:57.763, 38, 1410 MHz, 266.46 W
2026/10/09 03:57:58.763, 38, 1410 MHz, 287.40 W
2026/10/09 03:57:59.763, 38, 1410 MHz, 269.93 W
2026/10/09 03:58:00.763, 38, 1410 MHz, 265.36 W
2026/10/09 03:58:01.763, 39, 1410 MHz, 272.30 W
2026/10/09 03:58:02.764, 39, 1410 MHz, 258.43 W
2026/10/09 03:58:03.764, 39, 1410 MHz, 241.10 W
2026/10/09 03:58:04.764, 39, 1410 MHz, 258.18 W
2026/10/09 03:58:05.764, 39, 1410 MHz, 256.48 W
2026/10/09 03:58:06.764, 39, 1410 MHz, 251.78 W
2026/10/09 03:58:07.764, 40, 1410 MHz, 249.48 W
2026/10/09 03:58:08.765, 40, 1410 MHz, 258.26 W
2026/10/09 03:58:09.765, 40, 1410 MHz, 196.00 W
2026/10/09 03:58:10.765, 40, 1410 MHz, 257.81 W
2026/10/09 03:58:11.765, 40, 1410 MHz, 220.75 W
2026/10/09 03:58:12.765, 41, 1410 MHz, 257.31 W
2026/10/09 03:58:13.766, 40, 1410 MHz, 220.56 W
2026/10/09 03:58:14.766, 41, 1410 MHz, 258.32 W
2026/10/09 03:58:15.766, 36, 1410 MHz, 132.53 W
2026/10/09 03:58:16.766, 35, 1410 MHz, 68.93 W
2026/10/09 03:58:17.766, 35, 1410 MHz, 68.99 W
2026/10/09 03:58:18.766, 35, 1410 MHz, 69.14 W
2026/10/09 03:58:19.766, 34, 1410 MHz, 68.94 W
2026/10/09 03:58:20.767, 34, 1410 MHz, 68.87 W
2026/10/09 03:58:21.767, 34, 1410 MHz, 68.76 W
2026/10/09 03:58:22.767, 33, 1410 MHz, 68.62 W
2026/10/09 03:58:23.767, 33, 1410 MHz, 68.49 W
2026/10/09 03:58:24.767, 33, 1410 MHz, 68.44 W
2026/10/09 03:58:25.767, 33, 1410 MHz, 68.26 W
2026/10/09 03:58:26.768, 32, 1410 MHz, 68.21 W
2026/10/09 03:58:27.768, 32, 1410 MHz, 68.10 W
2026/10/09 03:58:28.768, 36, 1410 MHz, 190.31 W
2026/10/09 03:58:29.768, 36, 1410 MHz, 233.80 W
2026/10/09 03:58:30.768, 37, 1410 MHz, 235.71 W
2026/10/09 03:58:31.768, 40, 1395 MHz, 330.32 W
2026/10/09 03:58:32.768, 34, 1410 MHz, 102.65 W
2026/10/09 03:58:33.769, 33, 1410 MHz, 68.54 W
2026/10/09 03:58:34.769, 33, 1410 MHz, 68.32 W
2026/10/09 03:58:35.769, 33, 1410 MHz, 68.08 W
2026/10/09 03:58:36.769, 32, 1410 MHz, 67.88 W
2026/10/09 03:58:37.769, 32, 1410 MHz, 67.85 W
2026/10/09 03:58:38.769, 32, 1410 MHz, 67.80 W
2026/10/09 03:58:39.769, 32, 1410 MHz, 67.76 W
2026/10/09 03:58:40.770, 32, 1410 MHz, 67.63 W
2026/10/09 03:58:41.770, 31, 1410 MHz, 67.52 W
2026/10/09 03:58:42.770, 31, 1410 MHz, 67.49 W
2026/10/09 03:58:43.770, 31, 1410 MHz, 67.37 W
2026/10/09 03:58:44.770, 31, 1410 MHz, 67.29 W
2026/10/09 03:58:45.770, 37, 1410 MHz, 257.57 W
2026/10/09 03:58:46.770, 37, 1410 MHz, 280.56 W
2026/10/09 03:58:47.771, 38, 1410 MHz, 273.42 W
2026/10/09 03:58:48.771, 38, 1410 MHz, 265.34 W
2026/10/09 03:58:49.771, 38, 1410 MHz, 272.78 W
2026/10/09 03:58:50.771, 39, 1410 MHz, 252.34 W
2026/10/09 03:58:51.771, 39, 1410 MHz, 235.74 W
2026/10/09 03:58:52.771, 39, 1410 MHz, 262.18 W
2026/10/09 03:58:53.772, 39, 1410 MHz, 255.90 W
2026/10/09 03:58:54.772, 39, 1410 MHz, 249.44 W
2026/10/09 03:58:55.772, 40, 1410 MHz, 251.93 W
2026/10/09 03:58:56.772, 40, 1410 MHz, 257.67 W
2026/10/09 03:58:57.772, 39, 1410 MHz, 195.70 W
2026/10/09 03:58:58.772, 40, 1410 MHz, 255.99 W
2026/10/09 03:58:59.772, 40, 1410 MHz, 220.07 W
2026/10/09 03:59:00.773, 41, 1410 MHz, 258.18 W
2026/10/09 03:59:01.773, 41, 1410 MHz, 220.08 W
2026/10/09 03:59:02.773, 41, 1410 MHz, 257.05 W
2026/10/09 03:59:03.773, 36, 1410 MHz, 144.63 W
2026/10/09 03:59:04.773, 35, 1410 MHz, 69.22 W
2026/10/09 03:59:05.773, 35, 1410 MHz, 68.97 W
2026/10/09 03:59:06.773, 34, 1410 MHz, 68.75 W
2026/10/09 03:59:07.774, 34, 1410 MHz, 68.61 W
2026/10/09 03:59:08.774, 34, 1410 MHz, 68.46 W
2026/10/09 03:59:09.774, 34, 1410 MHz, 68.30 W
2026/10/09 03:59:10.774, 33, 1410 MHz, 68.25 W
2026/10/09 03:59:11.774, 33, 1410 MHz, 68.16 W
2026/10/09 03:59:12.774, 33, 1410 MHz, 68.04 W
2026/10/09 03:59:13.774, 33, 1410 MHz, 67.92 W
2026/10/09 03:59:14.775, 32, 1410 MHz, 67.80 W
2026/10/09 03:59:15.775, 32, 1410 MHz, 67.75 W
2026/10/09 03:59:16.775, 37, 1410 MHz, 167.77 W
2026/10/09 03:59:17.775, 36, 1410 MHz, 232.81 W
2026/10/09 03:59:18.775, 36, 1410 MHz, 232.05 W
2026/10/09 03:59:19.776, 40, 1410 MHz, 314.26 W
2026/10/09 03:59:20.776, 34, 1410 MHz, 156.59 W
2026/10/09 03:59:21.776, 33, 1410 MHz, 68.70 W
2026/10/09 03:59:22.776, 33, 1410 MHz, 68.54 W
2026/10/09 03:59:23.776, 32, 1410 MHz, 68.32 W
2026/10/09 03:59:24.776, 32, 1410 MHz, 68.19 W
2026/10/09 03:59:25.776, 32, 1410 MHz, 68.13 W
2026/10/09 03:59:26.777, 32, 1410 MHz, 68.03 W
2026/10/09 03:59:27.777, 32, 1410 MHz, 67.93 W
2026/10/09 03:59:28.777, 31, 1410 MHz, 67.85 W
2026/10/09 03:59:29.777, 31, 1410 MHz, 67.78 W
2026/10/09 03:59:30.777, 31, 1410 MHz, 67.76 W
2026/10/09 03:59:31.777, 31, 1410 MHz, 67.69 W
2026/10/09 03:59:32.777, 31, 1410 MHz, 67.58 W
2026/10/09 03:59:33.778, 36, 1410 MHz, 168.43 W
2026/10/09 03:59:34.778, 38, 1410 MHz, 299.09 W
2026/10/09 03:59:35.778, 38, 1410 MHz, 291.90 W
2026/10/09 03:59:36.778, 38, 1410 MHz, 268.58 W
2026/10/09 03:59:37.778, 39, 1410 MHz, 288.76 W
2026/10/09 03:59:38.778, 39, 1410 MHz, 262.15 W
2026/10/09 03:59:39.779, 37, 1410 MHz, 257.10 W
2026/10/09 03:59:40.779, 40, 1410 MHz, 274.32 W
2026/10/09 03:59:41.779, 40, 1410 MHz, 277.28 W
2026/10/09 03:59:42.779, 40, 1410 MHz, 268.09 W
2026/10/09 03:59:43.779, 40, 1410 MHz, 270.30 W
2026/10/09 03:59:44.779, 41, 1410 MHz, 276.80 W
2026/10/09 03:59:45.780, 40, 1410 MHz, 211.34 W
2026/10/09 03:59:46.780, 41, 1410 MHz, 277.89 W
2026/10/09 03:59:47.780, 41, 1410 MHz, 236.57 W
2026/10/09 03:59:48.780, 42, 1410 MHz, 278.79 W
2026/10/09 03:59:49.780, 42, 1410 MHz, 237.25 W
2026/10/09 03:59:50.780, 38, 1410 MHz, 242.99 W
2026/10/09 03:59:51.780, 36, 1410 MHz, 70.01 W
2026/10/09 03:59:52.781, 35, 1410 MHz, 69.25 W
2026/10/09 03:59:53.781, 35, 1410 MHz, 69.01 W
2026/10/09 03:59:54.781, 35, 1410 MHz, 68.79 W
2026/10/09 03:59:55.781, 34, 1410 MHz, 68.66 W
2026/10/09 03:59:56.781, 34, 1410 MHz, 68.55 W
2026/10/09 03:59:57.781, 34, 1410 MHz, 68.39 W
2026/10/09 03:59:58.782, 33, 1410 MHz, 68.26 W
2026/10/09 03:59:59.782, 33, 1410 MHz, 68.19 W
2026/10/09 04:00:00.782, 33, 1410 MHz, 68.08 W
2026/10/09 04:00:01.782, 33, 1410 MHz, 67.93 W
2026/10/09 04:00:02.782, 32, 1410 MHz, 67.87 W
2026/10/09 04:00:03.782, 32, 1410 MHz, 67.80 W
2026/10/09 04:00:04.783, 32, 1410 MHz, 67.73 W
2026/10/09 04:00:05.783, 32, 1410 MHz, 67.66 W
2026/10/09 04:00:06.783, 32, 1410 MHz, 67.55 W
2026/10/09 04:00:07.783, 32, 1410 MHz, 67.50 W
2026/10/09 04:00:08.783, 31, 1410 MHz, 67.36 W
2026/10/09 04:00:09.783, 31, 1410 MHz, 67.26 W
2026/10/09 04:00:10.783, 31, 1410 MHz, 67.37 W
2026/10/09 04:00:11.784, 31, 1410 MHz, 67.21 W
2026/10/09 04:00:12.784, 31, 1410 MHz, 67.15 W
2026/10/09 04:00:13.784, 31, 1410 MHz, 67.10 W
2026/10/09 04:00:14.784, 30, 1410 MHz, 67.06 W
2026/10/09 04:00:15.784, 30, 1410 MHz, 66.94 W
2026/10/09 04:00:16.784, 30, 1410 MHz, 66.97 W
2026/10/09 04:00:17.785, 30, 1410 MHz, 66.93 W
2026/10/09 04:00:18.785, 30, 1410 MHz, 66.85 W
2026/10/09 04:00:19.785, 30, 1410 MHz, 66.77 W
2026/10/09 04:00:20.785, 30, 1410 MHz, 66.75 W
2026/10/09 04:00:21.785, 34, 1245 MHz, 111.52 W
2026/10/09 04:00:22.785, 36, 1410 MHz, 337.84 W
2026/10/09 04:00:23.786, 37, 1410 MHz, 323.49 W
2026/10/09 04:00:24.786, 37, 1410 MHz, 317.87 W
2026/10/09 04:00:25.786, 39, 1275 MHz, 335.38 W
2026/10/09 04:00:26.786, 40, 1215 MHz, 347.30 W
2026/10/09 04:00:27.786, 35, 1410 MHz, 299.77 W
2026/10/09 04:00:28.786, 33, 1410 MHz, 69.00 W
2026/10/09 04:00:29.787, 33, 1410 MHz, 68.24 W
2026/10/09 04:00:30.787, 32, 1410 MHz, 68.03 W
2026/10/09 04:00:31.787, 32, 1410 MHz, 67.81 W
2026/10/09 04:00:32.787, 32, 1410 MHz, 67.76 W
2026/10/09 04:00:33.787, 32, 1410 MHz, 67.57 W
2026/10/09 04:00:34.787, 31, 1410 MHz, 67.64 W
2026/10/09 04:00:35.787, 31, 1410 MHz, 67.51 W
2026/10/09 04:00:36.787, 31, 1410 MHz, 67.40 W
2026/10/09 04:00:37.788, 31, 1410 MHz, 67.34 W
2026/10/09 04:00:38.788, 31, 1410 MHz, 67.27 W
2026/10/09 04:00:39.788, 31, 1410 MHz, 67.22 W
2026/10/09 04:00:40.788, 30, 1410 MHz, 67.22 W
2026/10/09 04:00:41.788, 30, 1410 MHz, 67.16 W
2026/10/09 04:00:42.788, 30, 1410 MHz, 67.07 W
2026/10/09 04:00:43.788, 30, 1410 MHz, 66.99 W
2026/10/09 04:00:44.789, 30, 1410 MHz, 66.93 W
2026/10/09 04:00:45.789, 30, 1410 MHz, 66.87 W
2026/10/09 04:00:46.789, 30, 1410 MHz, 66.82 W
2026/10/09 04:00:47.789, 29, 1410 MHz, 66.87 W
2026/10/09 04:00:48.789, 29, 1410 MHz, 66.78 W
2026/10/09 04:00:49.789, 29, 1410 MHz, 66.76 W
2026/10/09 04:00:50.789, 29, 1410 MHz, 66.73 W
2026/10/09 04:00:51.790, 29, 1410 MHz, 66.67 W
2026/10/09 04:00:52.790, 29, 1410 MHz, 66.61 W
2026/10/09 04:00:53.790, 29, 1410 MHz, 66.53 W
2026/10/09 04:00:54.790, 29, 1410 MHz, 66.65 W
2026/10/09 04:00:55.790, 29, 1410 MHz, 66.52 W
2026/10/09 04:00:56.790, 29, 1410 MHz, 66.49 W
2026/10/09 04:00:57.790, 29, 1410 MHz, 66.49 W
2026/10/09 04:00:58.791, 28, 1410 MHz, 66.39 W
2026/10/09 04:00:59.791, 36, 1410 MHz, 257.44 W
2026/10/09 04:01:00.791, 37, 1395 MHz, 338.59 W
2026/10/09 04:01:01.791, 36, 1410 MHz, 335.41 W
2026/10/09 04:01:02.791, 38, 1365 MHz, 341.16 W
2026/10/09 04:01:03.791, 38, 1395 MHz, 323.93 W
2026/10/09 04:01:04.791, 38, 1410 MHz, 322.09 W
2026/10/09 04:01:05.792, 39, 1365 MHz, 325.34 W
2026/10/09 04:01:06.792, 40, 1410 MHz, 321.49 W
2026/10/09 04:01:07.792, 40, 1395 MHz, 324.65 W
2026/10/09 04:01:08.792, 40, 1410 MHz, 287.46 W
2026/10/09 04:01:09.792, 41, 1410 MHz, 298.50 W
2026/10/09 04:01:10.792, 41, 1410 MHz, 298.75 W
2026/10/09 04:01:11.792, 42, 1410 MHz, 297.15 W
2026/10/09 04:01:12.793, 41, 1365 MHz, 298.24 W
2026/10/09 04:01:13.793, 41, 1410 MHz, 295.86 W
2026/10/09 04:01:14.793, 41, 1410 MHz, 288.40 W
2026/10/09 04:01:15.793, 43, 1410 MHz, 297.27 W
2026/10/09 04:01:16.793, 42, 1410 MHz, 296.40 W
2026/10/09 04:01:17.793, 42, 1410 MHz, 287.34 W
2026/10/09 04:01:18.793, 44, 1410 MHz, 299.42 W
2026/10/09 04:01:19.793, 38, 1410 MHz, 242.65 W
2026/10/09 04:01:20.794, 42, 1410 MHz, 271.47 W
2026/10/09 04:01:21.794, 43, 1410 MHz, 293.23 W
2026/10/09 04:01:22.794, 43, 1290 MHz, 295.45 W
2026/10/09 04:01:23.794, 43, 1410 MHz, 249.27 W
2026/10/09 04:01:24.794, 44, 1410 MHz, 296.15 W
2026/10/09 04:01:25.794, 45, 1410 MHz, 294.36 W
2026/10/09 04:01:26.794, 45, 1410 MHz, 251.58 W
2026/10/09 04:01:27.794, 44, 1410 MHz, 293.76 W
2026/10/09 04:01:28.795, 44, 1410 MHz, 293.00 W
2026/10/09 04:01:29.795, 39, 1410 MHz, 140.01 W
2026/10/09 04:01:30.795, 38, 1410 MHz, 70.15 W
2026/10/09 04:01:31.795, 37, 1410 MHz, 69.79 W
2026/10/09 04:01:32.795, 37, 1410 MHz, 69.52 W
2026/10/09 04:01:33.795, 36, 1410 MHz, 69.31 W
2026/10/09 04:01:34.796, 36, 1410 MHz, 69.10 W
2026/10/09 04:01:35.796, 36, 1410 MHz, 68.93 W
2026/10/09 04:01:36.796, 35, 1410 MHz, 68.87 W
2026/10/09 04:01:37.796, 35, 1410 MHz, 68.67 W
2026/10/09 04:01:38.796, 35, 1410 MHz, 68.48 W
2026/10/09 04:01:39.796, 35, 1410 MHz, 69.09 W
2026/10/09 04:01:40.796, 34, 1410 MHz, 68.94 W
2026/10/09 04:01:41.797, 34, 1410 MHz, 68.85 W
2026/10/09 04:01:42.797, 34, 1410 MHz, 68.74 W
2026/10/09 04:01:43.797, 33, 1410 MHz, 68.64 W
2026/10/09 04:01:44.797, 33, 1410 MHz, 68.51 W
2026/10/09 04:01:45.797, 33, 1410 MHz, 68.39 W
2026/10/09 04:01:46.797, 33, 1410 MHz, 68.39 W
2026/10/09 04:01:47.797, 33, 1410 MHz, 68.21 W
2026/10/09 04:01:48.798, 32, 1410 MHz, 68.15 W
2026/10/09 04:01:49.798, 32, 1410 MHz, 68.21 W
2026/10/09 04:01:50.798, 32, 1410 MHz, 68.00 W
2026/10/09 04:01:51.798, 32, 1410 MHz, 67.96 W
2026/10/09 04:01:52.798, 32, 1410 MHz, 67.76 W
2026/10/09 04:01:53.798, 31, 1410 MHz, 67.73 W
2026/10/09 04:01:54.798, 31, 1410 MHz, 67.73 W
2026/10/09 04:01:55.799, 31, 1410 MHz, 67.68 W
2026/10/09 04:01:56.799, 31, 1410 MHz, 67.56 W
2026/10/09 04:01:57.799, 31, 1410 MHz, 67.56 W
2026/10/09 04:01:58.799, 31, 1410 MHz, 67.45 W
2026/10/09 04:01:59.799, 30, 1410 MHz, 67.35 W
2026/10/09 04:02:00.799, 38, 1290 MHz, 189.96 W
2026/10/09 04:02:01.799, 37, 1410 MHz, 326.48 W
2026/10/09 04:02:02.800, 37, 1410 MHz, 317.97 W
2026/10/09 04:02:03.800, 38, 1410 MHz, 318.09 W
2026/10/09 04:02:04.800, 40, 1260 MHz, 341.59 W
2026/10/09 04:02:05.800, 41, 1245 MHz, 346.41 W
2026/10/09 04:02:06.800, 35, 1410 MHz, 258.88 W
2026/10/09 04:02:07.800, 34, 1410 MHz, 69.67 W
2026/10/09 04:02:08.801, 33, 1410 MHz, 69.08 W
2026/10/09 04:02:09.801, 33, 1410 MHz, 68.89 W
2026/10/09 04:02:10.801, 33, 1410 MHz, 68.70 W
2026/10/09 04:02:11.801, 32, 1410 MHz, 68.60 W
2026/10/09 04:02:12.801, 32, 1410 MHz, 68.48 W
2026/10/09 04:02:13.801, 32, 1410 MHz, 68.39 W
2026/10/09 04:02:14.801, 32, 1410 MHz, 68.32 W
2026/10/09 04:02:15.802, 32, 1410 MHz, 68.15 W
2026/10/09 04:02:16.802, 31, 1410 MHz, 68.17 W
2026/10/09 04:02:17.802, 31, 1410 MHz, 68.11 W
2026/10/09 04:02:18.802, 31, 1410 MHz, 68.02 W
2026/10/09 04:02:19.802, 31, 1410 MHz, 67.89 W
2026/10/09 04:02:20.802, 31, 1410 MHz, 67.92 W
2026/10/09 04:02:21.802, 31, 1410 MHz, 67.83 W
2026/10/09 04:02:22.803, 30, 1410 MHz, 67.78 W
2026/10/09 04:02:23.803, 30, 1410 MHz, 67.67 W
2026/10/09 04:02:24.803, 30, 1410 MHz, 67.68 W
2026/10/09 04:02:25.803, 30, 1410 MHz, 67.64 W
2026/10/09 04:02:26.803, 30, 1410 MHz, 67.60 W
2026/10/09 04:02:27.803, 30, 1410 MHz, 67.48 W
2026/10/09 04:02:28.803, 30, 1410 MHz, 67.43 W
2026/10/09 04:02:29.804, 30, 1410 MHz, 67.40 W
2026/10/09 04:02:30.804, 29, 1410 MHz, 67.41 W
2026/10/09 04:02:31.804, 29, 1410 MHz, 67.40 W
2026/10/09 04:02:32.804, 29, 1410 MHz, 67.37 W
2026/10/09 04:02:33.804, 29, 1410 MHz, 67.20 W
2026/10/09 04:02:34.804, 29, 1410 MHz, 67.30 W
2026/10/09 04:02:35.804, 29, 1410 MHz, 67.18 W
2026/10/09 04:02:36.805, 29, 1410 MHz, 67.18 W
2026/10/09 04:02:37.805, 36, 1395 MHz, 306.57 W
2026/10/09 04:02:38.805, 37, 1395 MHz, 331.27 W
2026/10/09 04:02:39.805, 38, 1410 MHz, 330.22 W
2026/10/09 04:02:40.805, 38, 1410 MHz, 326.17 W
2026/10/09 04:02:41.805, 38, 1395 MHz, 317.22 W
2026/10/09 04:02:42.806, 39, 1410 MHz, 304.50 W
2026/10/09 04:02:43.806, 39, 1410 MHz, 316.42 W
2026/10/09 04:02:44.806, 40, 1410 MHz, 295.85 W
2026/10/09 04:02:45.806, 40, 1410 MHz, 315.40 W
2026/10/09 04:02:46.806, 40, 1410 MHz, 265.52 W
2026/10/09 04:02:47.806, 40, 1410 MHz, 285.54 W
2026/10/09 04:02:48.807, 40, 1410 MHz, 280.93 W
2026/10/09 04:02:49.807, 41, 1410 MHz, 286.66 W
2026/10/09 04:02:50.807, 41, 1410 MHz, 280.27 W
2026/10/09 04:02:51.807, 41, 1410 MHz, 278.04 W
2026/10/09 04:02:52.807, 41, 1410 MHz, 266.56 W
2026/10/09 04:02:53.807, 41, 1410 MHz, 277.75 W
2026/10/09 04:02:54.807, 42, 1410 MHz, 278.55 W
2026/10/09 04:02:55.808, 42, 1410 MHz, 269.79 W
2026/10/09 04:02:56.808, 42, 1410 MHz, 277.67 W
2026/10/09 04:02:57.808, 42, 1410 MHz, 277.83 W
2026/10/09 04:02:58.808, 40, 1410 MHz, 207.40 W
2026/10/09 04:02:59.808, 42, 1410 MHz, 272.50 W
2026/10/09 04:03:00.809, 42, 1410 MHz, 273.34 W
2026/10/09 04:03:01.809, 42, 1410 MHz, 272.52 W
2026/10/09 04:03:02.809, 44, 1410 MHz, 237.28 W
2026/10/09 04:03:03.809, 44, 1335 MHz, 276.76 W
2026/10/09 04:03:04.809, 44, 1380 MHz, 273.39 W
2026/10/09 04:03:05.809, 44, 1410 MHz, 231.91 W
2026/10/09 04:03:06.810, 44, 1410 MHz, 277.38 W
2026/10/09 04:03:07.810, 44, 1410 MHz, 275.35 W
2026/10/09 04:03:08.810, 39, 1410 MHz, 190.47 W
2026/10/09 04:03:09.810, 38, 1410 MHz, 71.10 W
2026/10/09 04:03:10.810, 37, 1410 MHz, 70.83 W
2026/10/09 04:03:11.810, 37, 1410 MHz, 70.48 W
2026/10/09 04:03:12.810, 36, 1410 MHz, 70.27 W
2026/10/09 04:03:13.811, 36, 1410 MHz, 70.08 W
2026/10/09 04:03:14.811, 36, 1410 MHz, 69.86 W
2026/10/09 04:03:15.811, 35, 1410 MHz, 69.72 W
2026/10/09 04:03:16.811, 35, 1410 MHz, 69.62 W
2026/10/09 04:03:17.811, 35, 1410 MHz, 69.47 W
2026/10/09 04:03:18.811, 34, 1410 MHz, 69.36 W
2026/10/09 04:03:19.814, 34, 1410 MHz, 69.18 W
2026/10/09 04:03:20.814, 34, 1410 MHz, 69.11 W
2026/10/09 04:03:21.814, 34, 1410 MHz, 68.98 W
2026/10/09 04:03:22.815, 33, 1410 MHz, 68.84 W
2026/10/09 04:03:23.815, 33, 1410 MHz, 68.86 W
2026/10/09 04:03:24.815, 33, 1410 MHz, 68.68 W
2026/10/09 04:03:25.815, 33, 1410 MHz, 68.61 W
2026/10/09 04:03:26.815, 33, 1410 MHz, 68.48 W
2026/10/09 04:03:27.815, 32, 1410 MHz, 68.47 W
2026/10/09 04:03:28.815, 32, 1410 MHz, 68.39 W
2026/10/09 04:03:29.816, 32, 1410 MHz, 68.25 W
2026/10/09 04:03:30.816, 32, 1410 MHz, 68.25 W
2026/10/09 04:03:31.816, 32, 1410 MHz, 68.03 W
2026/10/09 04:03:32.816, 31, 1410 MHz, 68.04 W
2026/10/09 04:03:33.816, 31, 1410 MHz, 68.01 W
2026/10/09 04:03:34.816, 31, 1410 MHz, 67.95 W
2026/10/09 04:03:35.817, 31, 1410 MHz, 67.84 W
2026/10/09 04:03:36.817, 31, 1410 MHz, 67.77 W
2026/10/09 04:03:37.817, 31, 1410 MHz, 67.75 W
2026/10/09 04:03:38.817, 30, 1410 MHz, 67.77 W
2026/10/09 04:03:39.817, 36, 1410 MHz, 275.30 W
2026/10/09 04:03:40.817, 37, 1410 MHz, 321.29 W
2026/10/09 04:03:41.818, 38, 1410 MHz, 322.13 W
2026/10/09 04:03:42.818, 38, 1410 MHz, 324.31 W
2026/10/09 04:03:43.818, 40, 1245 MHz, 345.76 W
2026/10/09 04:03:44.818, 41, 1200 MHz, 346.45 W
2026/10/09 04:03:45.818, 34, 1410 MHz, 127.48 W
2026/10/09 04:03:46.818, 34, 1410 MHz, 68.66 W
2026/10/09 04:03:47.819, 33, 1410 MHz, 68.37 W
2026/10/09 04:03:48.819, 33, 1410 MHz, 68.18 W
2026/10/09 04:03:49.819, 33, 1410 MHz, 68.08 W
2026/10/09 04:03:50.819, 32, 1410 MHz, 67.94 W
2026/10/09 04:03:51.819, 32, 1410 MHz, 67.79 W
2026/10/09 04:03:52.819, 32, 1410 MHz, 67.83 W
2026/10/09 04:03:53.820, 32, 1410 MHz, 67.69 W
2026/10/09 04:03:54.820, 31, 1410 MHz, 67.58 W
2026/10/09 04:03:55.820, 31, 1410 MHz, 67.49 W
2026/10/09 04:03:56.820, 31, 1410 MHz, 67.46 W
2026/10/09 04:03:57.820, 31, 1410 MHz, 67.36 W
2026/10/09 04:03:58.820, 31, 1410 MHz, 67.24 W
2026/10/09 04:03:59.820, 31, 1410 MHz, 67.30 W
2026/10/09 04:04:00.821, 30, 1410 MHz, 67.18 W
2026/10/09 04:04:01.821, 30, 1410 MHz, 67.11 W
2026/10/09 04:04:02.821, 30, 1410 MHz, 67.10 W
2026/10/09 04:04:03.821, 30, 1410 MHz, 67.06 W
2026/10/09 04:04:04.821, 30, 1410 MHz, 66.99 W
2026/10/09 04:04:05.821, 30, 1410 MHz, 66.91 W
2026/10/09 04:04:06.822, 30, 1410 MHz, 66.88 W
2026/10/09 04:04:07.822, 30, 1410 MHz, 66.90 W
2026/10/09 04:04:08.822, 29, 1410 MHz, 66.80 W
2026/10/09 04:04:09.822, 29, 1410 MHz, 66.79 W
2026/10/09 04:04:10.822, 29, 1410 MHz, 66.74 W
2026/10/09 04:04:11.823, 29, 1410 MHz, 66.75 W
2026/10/09 04:04:12.823, 29, 1410 MHz, 66.71 W
2026/10/09 04:04:13.823, 29, 1410 MHz, 66.68 W
2026/10/09 04:04:14.823, 29, 1410 MHz, 66.57 W
2026/10/09 04:04:15.823, 29, 1410 MHz, 66.61 W
2026/10/09 04:04:16.823, 36, 1365 MHz, 305.29 W
2026/10/09 04:04:17.823, 37, 1410 MHz, 334.01 W
2026/10/09 04:04:18.824, 38, 1410 MHz, 335.91 W
2026/10/09 04:04:19.824, 38, 1410 MHz, 330.91 W
2026/10/09 04:04:20.824, 38, 1410 MHz, 318.04 W
2026/10/09 04:04:21.824, 39, 1410 MHz, 308.34 W
2026/10/09 04:04:22.824, 40, 1410 MHz, 307.38 W
2026/10/09 04:04:23.824, 39, 1410 MHz, 313.46 W
2026/10/09 04:04:24.824, 40, 1410 MHz, 306.43 W
2026/10/09 04:04:25.825, 40, 1410 MHz, 272.15 W
2026/10/09 04:04:26.825, 40, 1410 MHz, 277.61 W
2026/10/09 04:04:27.825, 41, 1410 MHz, 284.69 W
2026/10/09 04:04:28.825, 40, 1410 MHz, 282.50 W
2026/10/09 04:04:29.825, 42, 1410 MHz, 279.15 W
2026/10/09 04:04:30.825, 41, 1380 MHz, 280.56 W
2026/10/09 04:04:31.825, 41, 1410 MHz, 270.55 W
2026/10/09 04:04:32.826, 41, 1410 MHz, 277.25 W
2026/10/09 04:04:33.826, 42, 1410 MHz, 278.48 W
2026/10/09 04:04:34.826, 42, 1410 MHz, 268.84 W
2026/10/09 04:04:35.826, 43, 1410 MHz, 279.36 W
2026/10/09 04:04:36.826, 42, 1410 MHz, 279.42 W
2026/10/09 04:04:37.826, 42, 1410 MHz, 208.63 W
2026/10/09 04:04:38.826, 43, 1410 MHz, 273.09 W
2026/10/09 04:04:39.827, 43, 1410 MHz, 274.45 W
2026/10/09 04:04:40.827, 41, 1410 MHz, 255.05 W
2026/10/09 04:04:41.827, 43, 1335 MHz, 250.67 W
2026/10/09 04:04:42.827, 43, 1335 MHz, 274.37 W
2026/10/09 04:04:43.827, 43, 1320 MHz, 275.10 W
2026/10/09 04:04:44.827, 43, 1410 MHz, 232.33 W
2026/10/09 04:04:45.827, 43, 1410 MHz, 275.05 W
2026/10/09 04:04:46.828, 43, 1410 MHz, 274.36 W
2026/10/09 04:04:47.828, 39, 1410 MHz, 190.80 W
2026/10/09 04:04:48.828, 38, 1410 MHz, 71.07 W
2026/10/09 04:04:49.828, 37, 1410 MHz, 70.79 W
2026/10/09 04:04:50.828, 37, 1410 MHz, 70.52 W
2026/10/09 04:04:51.828, 36, 1410 MHz, 70.30 W
2026/10/09 04:04:52.829, 36, 1410 MHz, 70.16 W
2026/10/09 04:04:53.829, 36, 1410 MHz, 70.04 W
2026/10/09 04:04:54.829, 35, 1410 MHz, 69.79 W
2026/10/09 04:04:55.829, 35, 1410 MHz, 69.67 W
2026/10/09 04:04:56.829, 35, 1410 MHz, 69.52 W
2026/10/09 04:04:57.829, 35, 1410 MHz, 69.44 W
2026/10/09 04:04:58.829, 34, 1410 MHz, 69.29 W
2026/10/09 04:04:59.830, 34, 1410 MHz, 69.12 W
2026/10/09 04:05:00.830, 34, 1410 MHz, 69.09 W
2026/10/09 04:05:01.830, 34, 1410 MHz, 69.00 W
2026/10/09 04:05:02.830, 33, 1410 MHz, 68.84 W
2026/10/09 04:05:03.830, 33, 1410 MHz, 68.76 W
2026/10/09 04:05:04.830, 33, 1410 MHz, 68.65 W
2026/10/09 04:05:05.831, 33, 1410 MHz, 68.60 W
2026/10/09 04:05:06.831, 32, 1410 MHz, 68.49 W
2026/10/09 04:05:07.831, 32, 1410 MHz, 68.43 W
2026/10/09 04:05:08.831, 32, 1410 MHz, 68.31 W
2026/10/09 04:05:09.831, 32, 1410 MHz, 68.26 W
2026/10/09 04:05:10.831, 32, 1410 MHz, 68.21 W
2026/10/09 04:05:11.832, 32, 1410 MHz, 68.09 W
2026/10/09 04:05:12.832, 31, 1410 MHz, 68.01 W
2026/10/09 04:05:13.832, 31, 1410 MHz, 67.95 W
2026/10/09 04:05:14.832, 31, 1410 MHz, 67.91 W
2026/10/09 04:05:15.832, 31, 1410 MHz, 67.88 W
2026/10/09 04:05:16.832, 31, 1410 MHz, 67.75 W
2026/10/09 04:05:17.833, 31, 1410 MHz, 67.77 W
2026/10/09 04:05:18.833, 37, 1410 MHz, 310.38 W
2026/10/09 04:05:19.833, 37, 1410 MHz, 322.13 W
2026/10/09 04:05:20.833, 38, 1410 MHz, 324.14 W
2026/10/09 04:05:21.833, 39, 1410 MHz, 329.58 W
2026/10/09 04:05:22.834, 40, 1200 MHz, 345.09 W
2026/10/09 04:05:23.834, 41, 1215 MHz, 346.13 W
2026/10/09 04:05:24.834, 34, 1410 MHz, 98.03 W
2026/10/09 04:05:25.834, 34, 1410 MHz, 69.22 W
2026/10/09 04:05:26.834, 33, 1410 MHz, 68.99 W
2026/10/09 04:05:27.834, 33, 1410 MHz, 68.80 W
2026/10/09 04:05:28.835, 33, 1410 MHz, 68.64 W
2026/10/09 04:05:29.835, 32, 1410 MHz, 68.54 W
2026/10/09 04:05:30.835, 32, 1410 MHz, 68.46 W
2026/10/09 04:05:31.835, 32, 1410 MHz, 68.39 W
2026/10/09 04:05:32.835, 32, 1410 MHz, 68.30 W
2026/10/09 04:05:33.836, 32, 1410 MHz, 68.23 W
2026/10/09 04:05:34.836, 31, 1410 MHz, 68.18 W
2026/10/09 04:05:35.838, 31, 1410 MHz, 68.05 W
2026/10/09 04:05:36.838, 31, 1410 MHz, 67.99 W
2026/10/09 04:05:37.838, 31, 1410 MHz, 67.93 W
2026/10/09 04:05:38.839, 31, 1410 MHz, 67.89 W
2026/10/09 04:05:39.839, 31, 1410 MHz, 67.80 W
2026/10/09 04:05:40.839, 31, 1410 MHz, 67.81 W
2026/10/09 04:05:41.839, 30, 1410 MHz, 67.76 W
2026/10/09 04:05:42.839, 30, 1410 MHz, 67.71 W
2026/10/09 04:05:43.839, 30, 1410 MHz, 67.64 W
2026/10/09 04:05:44.840, 30, 1410 MHz, 67.63 W
2026/10/09 04:05:45.840, 30, 1410 MHz, 67.52 W
2026/10/09 04:05:46.840, 30, 1410 MHz, 67.46 W
2026/10/09 04:05:47.840, 30, 1410 MHz, 67.39 W
2026/10/09 04:05:48.840, 30, 1410 MHz, 67.36 W
2026/10/09 04:05:49.840, 29, 1410 MHz, 67.38 W
2026/10/09 04:05:50.840, 29, 1410 MHz, 67.31 W
2026/10/09 04:05:51.841, 29, 1410 MHz, 67.32 W
2026/10/09 04:05:52.841, 29, 1410 MHz, 67.26 W
2026/10/09 04:05:53.841, 29, 1410 MHz, 67.19 W
2026/10/09 04:05:54.841, 36, 1320 MHz, 229.84 W
2026/10/09 04:05:55.841, 37, 1410 MHz, 338.64 W
2026/10/09 04:05:56.841, 38, 1290 MHz, 342.84 W
2026/10/09 04:05:57.842, 39, 1365 MHz, 328.80 W
2026/10/09 04:05:58.842, 37, 1410 MHz, 320.13 W
2026/10/09 04:05:59.842, 38, 1410 MHz, 317.08 W
2026/10/09 04:06:00.842, 40, 1410 MHz, 323.90 W
2026/10/09 04:06:01.842, 40, 1410 MHz, 326.66 W
2026/10/09 04:06:02.842, 40, 1410 MHz, 321.55 W
2026/10/09 04:06:03.842, 41, 1395 MHz, 288.00 W
2026/10/09 04:06:04.843, 41, 1410 MHz, 295.92 W
2026/10/09 04:06:05.843, 42, 1410 MHz, 302.34 W
2026/10/09 04:06:06.843, 41, 1410 MHz, 297.18 W
2026/10/09 04:06:07.843, 43, 1320 MHz, 297.37 W
2026/10/09 04:06:08.843, 42, 1410 MHz, 294.87 W
2026/10/09 04:06:09.843, 42, 1410 MHz, 287.63 W
2026/10/09 04:06:10.843, 42, 1410 MHz, 297.67 W
2026/10/09 04:06:11.844, 43, 1410 MHz, 297.14 W
2026/10/09 04:06:12.844, 43, 1410 MHz, 287.94 W
2026/10/09 04:06:13.844, 43, 1410 MHz, 298.84 W
2026/10/09 04:06:14.844, 40, 1410 MHz, 279.69 W
2026/10/09 04:06:15.844, 43, 1410 MHz, 239.47 W
2026/10/09 04:06:16.844, 43, 1410 MHz, 293.05 W
2026/10/09 04:06:17.845, 44, 1410 MHz, 292.87 W
2026/10/09 04:06:18.845, 44, 1410 MHz, 247.74 W
2026/10/09 04:06:19.845, 45, 1365 MHz, 295.59 W
2026/10/09 04:06:20.845, 45, 1335 MHz, 293.46 W
2026/10/09 04:06:21.845, 45, 1395 MHz, 247.96 W
2026/10/09 04:06:22.845, 44, 1410 MHz, 296.12 W
2026/10/09 04:06:23.845, 44, 1410 MHz, 295.14 W
2026/10/09 04:06:24.846, 39, 1410 MHz, 179.37 W
2026/10/09 04:06:25.846, 38, 1410 MHz, 70.41 W
2026/10/09 04:06:26.849, 38, 1410 MHz, 70.05 W
2026/10/09 04:06:27.849, 37, 1410 MHz, 69.77 W
2026/10/09 04:06:28.849, 37, 1410 MHz, 69.47 W
2026/10/09 04:06:29.850, 37, 1410 MHz, 69.26 W
2026/10/09 04:06:30.850, 36, 1410 MHz, 69.13 W
2026/10/09 04:06:31.850, 36, 1410 MHz, 68.97 W
2026/10/09 04:06:32.850, 35, 1410 MHz, 68.77 W
2026/10/09 04:06:33.850, 35, 1410 MHz, 69.35 W
2026/10/09 04:06:34.850, 35, 1410 MHz, 69.25 W
2026/10/09 04:06:35.850, 35, 1410 MHz, 69.12 W
2026/10/09 04:06:36.851, 34, 1410 MHz, 68.99 W
2026/10/09 04:06:37.851, 34, 1410 MHz, 68.90 W
2026/10/09 04:06:38.851, 34, 1410 MHz, 68.78 W
2026/10/09 04:06:39.851, 34, 1410 MHz, 68.75 W
2026/10/09 04:06:40.851, 33, 1410 MHz, 68.58 W
2026/10/09 04:06:41.851, 33, 1410 MHz, 68.43 W
2026/10/09 04:06:42.852, 33, 1410 MHz, 68.32 W
2026/10/09 04:06:43.852, 33, 1410 MHz, 68.34 W
2026/10/09 04:06:44.852, 32, 1410 MHz, 68.26 W
2026/10/09 04:06:45.852, 32, 1410 MHz, 68.15 W
2026/10/09 04:06:46.852, 32, 1410 MHz, 68.03 W
2026/10/09 04:06:47.852, 32, 1410 MHz, 67.94 W
2026/10/09 04:06:48.853, 32, 1410 MHz, 67.82 W
2026/10/09 04:06:49.853, 31, 1410 MHz, 67.74 W
2026/10/09 04:06:50.853, 31, 1410 MHz, 67.76 W
2026/10/09 04:06:51.853, 31, 1410 MHz, 67.69 W
2026/10/09 04:06:52.853, 31, 1410 MHz, 67.64 W
2026/10/09 04:06:53.853, 31, 1410 MHz, 67.57 W
2026/10/09 04:06:54.853, 31, 1410 MHz, 67.44 W
2026/10/09 04:06:55.854, 37, 1410 MHz, 269.55 W
2026/10/09 04:06:56.854, 37, 1410 MHz, 324.81 W
2026/10/09 04:06:57.854, 38, 1410 MHz, 324.94 W
2026/10/09 04:06:58.854, 39, 1410 MHz, 326.31 W
2026/10/09 04:06:59.854, 40, 1200 MHz, 347.61 W
2026/10/09 04:07:00.854, 41, 1200 MHz, 347.07 W
2026/10/09 04:07:01.854, 34, 1410 MHz, 120.22 W
2026/10/09 04:07:02.854, 34, 1410 MHz, 68.72 W
2026/10/09 04:07:03.855, 33, 1410 MHz, 68.48 W
2026/10/09 04:07:04.855, 33, 1410 MHz, 68.32 W
2026/10/09 04:07:05.855, 33, 1410 MHz, 68.16 W
2026/10/09 04:07:06.855, 33, 1410 MHz, 68.07 W
2026/10/09 04:07:07.855, 32, 1410 MHz, 67.96 W
2026/10/09 04:07:08.855, 32, 1410 MHz, 67.81 W
2026/10/09 04:07:09.855, 32, 1410 MHz, 67.76 W
2026/10/09 04:07:10.856, 32, 1410 MHz, 67.72 W
2026/10/09 04:07:11.856, 32, 1410 MHz, 67.63 W
2026/10/09 04:07:12.856, 31, 1410 MHz, 67.58 W
2026/10/09 04:07:13.856, 31, 1410 MHz, 67.50 W
2026/10/09 04:07:14.856, 31, 1410 MHz, 67.40 W
2026/10/09 04:07:15.856, 31, 1410 MHz, 67.29 W
2026/10/09 04:07:16.856, 31, 1410 MHz, 67.34 W
2026/10/09 04:07:17.857, 31, 1410 MHz, 67.23 W
2026/10/09 04:07:18.859, 30, 1410 MHz, 67.19 W
2026/10/09 04:07:19.859, 30, 1410 MHz, 67.17 W
2026/10/09 04:07:20.859, 30, 1410 MHz, 67.16 W
2026/10/09 04:07:21.859, 30, 1410 MHz, 67.08 W
2026/10/09 04:07:22.860, 30, 1410 MHz, 67.00 W
2026/10/09 04:07:23.860, 30, 1410 MHz, 66.94 W
2026/10/09 04:07:24.860, 30, 1410 MHz, 66.89 W
2026/10/09 04:07:25.860, 30, 1410 MHz, 66.85 W
2026/10/09 04:07:26.860, 29, 1410 MHz, 66.82 W
2026/10/09 04:07:27.861, 29, 1410 MHz, 66.77 W
2026/10/09 04:07:28.861, 29, 1410 MHz, 66.76 W
2026/10/09 04:07:29.861, 29, 1410 MHz, 66.70 W
2026/10/09 04:07:30.861, 29, 1410 MHz, 66.68 W
2026/10/09 04:07:31.861, 33, 1365 MHz, 109.00 W
2026/10/09 04:07:32.862, 37, 1350 MHz, 347.51 W
2026/10/09 04:07:33.862, 38, 1395 MHz, 335.33 W
2026/10/09 04:07:34.862, 37, 1395 MHz, 334.77 W
2026/10/09 04:07:35.862, 38, 1380 MHz, 340.75 W
2026/10/09 04:07:36.862, 39, 1380 MHz, 315.80 W
2026/10/09 04:07:37.862, 39, 1395 MHz, 320.46 W
2026/10/09 04:07:38.863, 40, 1395 MHz, 326.12 W
2026/10/09 04:07:39.863, 40, 1395 MHz, 322.16 W
2026/10/09 04:07:40.863, 40, 1410 MHz, 291.30 W
2026/10/09 04:07:41.863, 39, 1410 MHz, 293.67 W
2026/10/09 04:07:42.863, 40, 1410 MHz, 301.28 W
2026/10/09 04:07:43.863, 42, 1410 MHz, 318.77 W
2026/10/09 04:07:44.864, 42, 1410 MHz, 287.79 W
2026/10/09 04:07:45.864, 42, 1410 MHz, 295.48 W
2026/10/09 04:07:46.864, 42, 1410 MHz, 287.81 W
2026/10/09 04:07:47.864, 42, 1380 MHz, 298.39 W
2026/10/09 04:07:48.864, 44, 1410 MHz, 298.47 W
2026/10/09 04:07:49.864, 44, 1410 MHz, 287.91 W
2026/10/09 04:07:50.864, 43, 1410 MHz, 297.36 W
2026/10/09 04:07:51.865, 43, 1410 MHz, 298.37 W
2026/10/09 04:07:52.865, 44, 1410 MHz, 223.06 W
2026/10/09 04:07:53.865, 44, 1410 MHz, 292.90 W
2026/10/09 04:07:54.865, 43, 1320 MHz, 294.11 W
2026/10/09 04:07:55.865, 43, 1410 MHz, 247.96 W
2026/10/09 04:07:56.865, 44, 1410 MHz, 297.01 W
2026/10/09 04:07:57.866, 44, 1410 MHz, 295.21 W
2026/10/09 04:07:58.866, 40, 1410 MHz, 246.99 W
2026/10/09 04:07:59.866, 45, 1410 MHz, 294.30 W
2026/10/09 04:08:00.866, 44, 1275 MHz, 293.97 W
2026/10/09 04:08:01.866, 42, 1410 MHz, 263.73 W
2026/10/09 04:08:02.866, 39, 1410 MHz, 71.26 W
2026/10/09 04:08:03.867, 38, 1410 MHz, 70.16 W
2026/10/09 04:08:04.867, 38, 1410 MHz, 69.81 W
2026/10/09 04:08:05.867, 37, 1410 MHz, 69.59 W
2026/10/09 04:08:06.867, 37, 1410 MHz, 69.37 W
2026/10/09 04:08:07.867, 36, 1410 MHz, 69.55 W
2026/10/09 04:08:08.867, 36, 1410 MHz, 69.82 W
2026/10/09 04:08:09.867, 36, 1410 MHz, 69.69 W
2026/10/09 04:08:10.867, 35, 1410 MHz, 69.49 W
2026/10/09 04:08:11.868, 35, 1410 MHz, 69.32 W
2026/10/09 04:08:12.868, 35, 1410 MHz, 69.19 W
2026/10/09 04:08:13.868, 35, 1410 MHz, 69.13 W
2026/10/09 04:08:14.868, 34, 1410 MHz, 68.86 W
2026/10/09 04:08:15.868, 34, 1410 MHz, 68.89 W
2026/10/09 04:08:16.868, 34, 1410 MHz, 68.73 W
2026/10/09 04:08:17.868, 33, 1410 MHz, 68.68 W
2026/10/09 04:08:18.869, 33, 1410 MHz, 68.51 W
2026/10/09 04:08:19.869, 33, 1410 MHz, 68.42 W
2026/10/09 04:08:20.869, 33, 1410 MHz, 68.31 W
2026/10/09 04:08:21.869, 33, 1410 MHz, 68.23 W
2026/10/09 04:08:22.869, 32, 1410 MHz, 68.21 W
2026/10/09 04:08:23.869, 32, 1410 MHz, 68.12 W
2026/10/09 04:08:24.869, 32, 1410 MHz, 67.93 W
2026/10/09 04:08:25.870, 32, 1410 MHz, 67.95 W
2026/10/09 04:08:26.870, 32, 1410 MHz, 67.86 W
2026/10/09 04:08:27.870, 31, 1410 MHz, 67.83 W
2026/10/09 04:08:28.870, 31, 1410 MHz, 67.70 W
2026/10/09 04:08:29.870, 31, 1410 MHz, 67.68 W
2026/10/09 04:08:30.870, 31, 1410 MHz, 67.61 W
2026/10/09 04:08:31.870, 31, 1410 MHz, 67.60 W
2026/10/09 04:08:32.871, 37, 1410 MHz, 316.56 W
2026/10/09 04:08:33.871, 37, 1410 MHz, 320.52 W
2026/10/09 04:08:34.871, 38, 1410 MHz, 320.40 W
2026/10/09 04:08:35.871, 39, 1410 MHz, 327.44 W
2026/10/09 04:08:36.871, 40, 1170 MHz, 347.74 W
2026/10/09 04:08:37.871, 41, 1200 MHz, 346.99 W
2026/10/09 04:08:38.871, 34, 1410 MHz, 92.00 W
2026/10/09 04:08:39.871, 34, 1410 MHz, 68.69 W
2026/10/09 04:08:40.872, 33, 1410 MHz, 68.56 W
2026/10/09 04:08:41.872, 33, 1410 MHz, 68.24 W
2026/10/09 04:08:42.875, 33, 1410 MHz, 68.19 W
2026/10/09 04:08:43.875, 33, 1410 MHz, 68.13 W
2026/10/09 04:08:44.875, 32, 1410 MHz, 67.97 W
2026/10/09 04:08:45.876, 32, 1410 MHz, 67.90 W
2026/10/09 04:08:46.876, 32, 1410 MHz, 67.82 W
2026/10/09 04:08:47.876, 32, 1410 MHz, 67.74 W
2026/10/09 04:08:48.876, 32, 1410 MHz, 67.68 W
2026/10/09 04:08:49.876, 31, 1410 MHz, 67.54 W
2026/10/09 04:08:50.876, 31, 1410 MHz, 67.54 W
2026/10/09 04:08:51.876, 31, 1410 MHz, 67.41 W
2026/10/09 04:08:52.877, 31, 1410 MHz, 67.32 W
2026/10/09 04:08:53.877, 31, 1410 MHz, 67.29 W
2026/10/09 04:08:54.877, 31, 1410 MHz, 67.25 W
2026/10/09 04:08:55.877, 30, 1410 MHz, 67.28 W
2026/10/09 04:08:56.877, 30, 1410 MHz, 67.14 W
2026/10/09 04:08:57.878, 30, 1410 MHz, 67.14 W
2026/10/09 04:08:58.878, 30, 1410 MHz, 67.08 W
2026/10/09 04:08:59.878, 30, 1410 MHz, 67.02 W
2026/10/09 04:09:00.878, 30, 1410 MHz, 67.00 W
2026/10/09 04:09:01.878, 30, 1410 MHz, 66.86 W
2026/10/09 04:09:02.879, 30, 1410 MHz, 66.83 W
2026/10/09 04:09:03.879, 29, 1410 MHz, 66.81 W
2026/10/09 04:09:04.879, 29, 1410 MHz, 66.75 W
2026/10/09 04:09:05.879, 29, 1410 MHz, 66.72 W
2026/10/09 04:09:06.879, 29, 1410 MHz, 66.66 W
2026/10/09 04:09:07.879, 29, 1410 MHz, 66.74 W
2026/10/09 04:09:08.880, 37, 1410 MHz, 328.60 W
2026/10/09 04:09:09.880, 37, 1410 MHz, 333.50 W
2026/10/09 04:09:10.880, 38, 1410 MHz, 333.55 W
2026/10/09 04:09:11.880, 39, 1395 MHz, 333.83 W
2026/10/09 04:09:12.880, 39, 1410 MHz, 318.25 W
2026/10/09 04:09:13.880, 39, 1395 MHz, 312.71 W
2026/10/09 04:09:14.881, 39, 1410 MHz, 309.77 W
2026/10/09 04:09:15.881, 40, 1410 MHz, 305.87 W
2026/10/09 04:09:16.881, 41, 1410 MHz, 307.72 W
2026/10/09 04:09:17.881, 41, 1410 MHz, 271.47 W
2026/10/09 04:09:18.881, 40, 1410 MHz, 282.89 W
2026/10/09 04:09:19.881, 41, 1410 MHz, 282.35 W
2026/10/09 04:09:20.881, 42, 1410 MHz, 283.03 W
2026/10/09 04:09:21.882, 41, 1320 MHz, 278.62 W
2026/10/09 04:09:22.882, 41, 1410 MHz, 277.78 W
2026/10/09 04:09:23.882, 41, 1410 MHz, 269.24 W
2026/10/09 04:09:24.882, 43, 1410 MHz, 279.71 W
2026/10/09 04:09:25.882, 42, 1335 MHz, 278.32 W
2026/10/09 04:09:26.883, 42, 1335 MHz, 269.54 W
2026/10/09 04:09:27.883, 42, 1410 MHz, 276.94 W
2026/10/09 04:09:28.883, 44, 1410 MHz, 279.15 W
2026/10/09 04:09:29.883, 42, 1410 MHz, 211.13 W
2026/10/09 04:09:30.883, 42, 1410 MHz, 273.47 W
2026/10/09 04:09:31.883, 42, 1410 MHz, 274.19 W
2026/10/09 04:09:32.884, 39, 1410 MHz, 238.99 W
2026/10/09 04:09:33.884, 44, 1410 MHz, 268.16 W
2026/10/09 04:09:34.884, 44, 1410 MHz, 273.13 W
2026/10/09 04:09:35.884, 45, 1410 MHz, 277.68 W
2026/10/09 04:09:36.884, 44, 1410 MHz, 233.20 W
2026/10/09 04:09:37.885, 44, 1410 MHz, 273.34 W
2026/10/09 04:09:38.885, 44, 1410 MHz, 275.38 W
2026/10/09 04:09:39.885, 39, 1410 MHz, 168.63 W
2026/10/09 04:09:40.885, 38, 1410 MHz, 70.13 W
2026/10/09 04:09:41.885, 37, 1410 MHz, 69.79 W
2026/10/09 04:09:42.885, 37, 1410 MHz, 69.56 W
2026/10/09 04:09:43.886, 36, 1410 MHz, 69.27 W
2026/10/09 04:09:44.886, 36, 1410 MHz, 69.17 W
2026/10/09 04:09:45.886, 36, 1410 MHz, 68.98 W
2026/10/09 04:09:46.886, 35, 1410 MHz, 68.78 W
2026/10/09 04:09:47.886, 35, 1410 MHz, 68.72 W
2026/10/09 04:09:48.886, 35, 1410 MHz, 68.49 W
2026/10/09 04:09:49.887, 35, 1410 MHz, 68.76 W
2026/10/09 04:09:50.887, 34, 1410 MHz, 69.00 W
2026/10/09 04:09:51.887, 34, 1410 MHz, 68.81 W
2026/10/09 04:09:52.887, 34, 1410 MHz, 68.83 W
2026/10/09 04:09:53.887, 34, 1410 MHz, 68.71 W
2026/10/09 04:09:54.887, 33, 1410 MHz, 68.54 W
2026/10/09 04:09:55.888, 33, 1410 MHz, 68.48 W
2026/10/09 04:09:56.888, 33, 1410 MHz, 68.33 W
2026/10/09 04:09:57.888, 33, 1410 MHz, 68.33 W
2026/10/09 04:09:58.888, 32, 1410 MHz, 68.18 W
2026/10/09 04:09:59.888, 32, 1410 MHz, 68.11 W
2026/10/09 04:10:00.888, 32, 1410 MHz, 68.04 W
2026/10/09 04:10:01.889, 32, 1410 MHz, 68.06 W
2026/10/09 04:10:02.889, 32, 1410 MHz, 67.89 W
2026/10/09 04:10:03.889, 32, 1410 MHz, 67.85 W
2026/10/09 04:10:04.889, 31, 1410 MHz, 67.73 W
2026/10/09 04:10:05.889, 31, 1410 MHz, 67.74 W
2026/10/09 04:10:06.889, 31, 1410 MHz, 67.66 W
2026/10/09 04:10:07.890, 31, 1410 MHz, 67.59 W
2026/10/09 04:10:08.890, 31, 1410 MHz, 67.56 W
2026/10/09 04:10:09.890, 31, 1410 MHz, 67.42 W
2026/10/09 04:10:10.890, 37, 1410 MHz, 256.11 W
2026/10/09 04:10:11.890, 37, 1410 MHz, 317.71 W
2026/10/09 04:10:12.891, 38, 1410 MHz, 319.02 W
2026/10/09 04:10:13.891, 39, 1410 MHz, 321.51 W
2026/10/09 04:10:14.891, 40, 1230 MHz, 349.33 W
2026/10/09 04:10:15.891, 40, 1170 MHz, 348.60 W
2026/10/09 04:10:16.891, 34, 1410 MHz, 150.23 W
2026/10/09 04:10:17.891, 34, 1410 MHz, 68.62 W
2026/10/09 04:10:18.892, 33, 1410 MHz, 68.45 W
2026/10/09 04:10:19.892, 33, 1410 MHz, 68.17 W
2026/10/09 04:10:20.892, 33, 1410 MHz, 68.11 W
2026/10/09 04:10:21.892, 32, 1410 MHz, 67.92 W
2026/10/09 04:10:22.892, 32, 1410 MHz, 67.88 W
2026/10/09 04:10:23.892, 32, 1410 MHz, 67.79 W
2026/10/09 04:10:24.893, 32, 1410 MHz, 67.72 W
2026/10/09 04:10:25.893, 32, 1410 MHz, 67.60 W
2026/10/09 04:10:26.893, 31, 1410 MHz, 67.47 W
2026/10/09 04:10:27.893, 31, 1410 MHz, 67.43 W
2026/10/09 04:10:28.893, 31, 1410 MHz, 67.34 W
2026/10/09 04:10:29.894, 31, 1410 MHz, 67.37 W
2026/10/09 04:10:30.894, 31, 1410 MHz, 67.23 W
2026/10/09 04:10:31.894, 31, 1410 MHz, 67.15 W
2026/10/09 04:10:32.894, 30, 1410 MHz, 67.19 W
2026/10/09 04:10:33.894, 30, 1410 MHz, 67.11 W
2026/10/09 04:10:34.894, 30, 1410 MHz, 67.00 W
2026/10/09 04:10:35.895, 30, 1410 MHz, 67.03 W
2026/10/09 04:10:36.895, 30, 1410 MHz, 66.99 W
2026/10/09 04:10:37.895, 30, 1410 MHz, 66.83 W
2026/10/09 04:10:38.895, 30, 1410 MHz, 66.79 W
2026/10/09 04:10:39.895, 30, 1410 MHz, 66.77 W
2026/10/09 04:10:40.895, 29, 1410 MHz, 66.74 W
2026/10/09 04:10:41.896, 29, 1410 MHz, 66.75 W
2026/10/09 04:10:42.896, 29, 1410 MHz, 66.75 W
2026/10/09 04:10:43.896, 29, 1410 MHz, 66.66 W
2026/10/09 04:10:44.896, 29, 1410 MHz, 66.66 W
2026/10/09 04:10:45.896, 29, 1410 MHz, 66.59 W
2026/10/09 04:10:46.896, 29, 1410 MHz, 66.59 W
2026/10/09 04:10:47.896, 35, 1410 MHz, 140.57 W
2026/10/09 04:10:48.897, 37, 1395 MHz, 341.05 W
2026/10/09 04:10:49.897, 38, 1380 MHz, 329.41 W
2026/10/09 04:10:50.897, 38, 1410 MHz, 329.16 W
2026/10/09 04:10:51.897, 39, 1410 MHz, 336.96 W
2026/10/09 04:10:52.897, 39, 1410 MHz, 302.09 W
2026/10/09 04:10:53.897, 39, 1410 MHz, 304.55 W
2026/10/09 04:10:54.898, 39, 1410 MHz, 316.81 W
2026/10/09 04:10:55.898, 40, 1410 MHz, 296.87 W
2026/10/09 04:10:56.898, 39, 1410 MHz, 284.98 W
2026/10/09 04:10:57.898, 39, 1410 MHz, 301.11 W
2026/10/09 04:10:58.898, 40, 1410 MHz, 281.18 W
2026/10/09 04:10:59.898, 41, 1410 MHz, 285.37 W
2026/10/09 04:11:00.899, 40, 1410 MHz, 268.78 W
2026/10/09 04:11:01.899, 42, 1410 MHz, 282.07 W
2026/10/09 04:11:02.899, 41, 1335 MHz, 281.31 W
2026/10/09 04:11:03.899, 41, 1365 MHz, 268.55 W
2026/10/09 04:11:04.899, 41, 1410 MHz, 277.30 W
2026/10/09 04:11:05.900, 43, 1410 MHz, 279.79 W
2026/10/09 04:11:06.900, 43, 1410 MHz, 268.52 W
2026/10/09 04:11:07.900, 43, 1410 MHz, 279.28 W
2026/10/09 04:11:08.900, 42, 1410 MHz, 278.84 W
2026/10/09 04:11:09.900, 42, 1410 MHz, 203.76 W
2026/10/09 04:11:10.900, 42, 1410 MHz, 273.28 W
2026/10/09 04:11:11.901, 42, 1410 MHz, 274.45 W
2026/10/09 04:11:12.901, 43, 1410 MHz, 233.95 W
2026/10/09 04:11:13.901, 44, 1410 MHz, 275.00 W
2026/10/09 04:11:14.901, 44, 1410 MHz, 275.33 W
2026/10/09 04:11:15.901, 39, 1410 MHz, 245.93 W
2026/10/09 04:11:16.901, 44, 1410 MHz, 255.80 W
2026/10/09 04:11:17.902, 44, 1410 MHz, 272.97 W
2026/10/09 04:11:18.902, 44, 1410 MHz, 275.01 W
2026/10/09 04:11:19.902, 38, 1410 MHz, 111.22 W
2026/10/09 04:11:20.902, 37, 1410 MHz, 69.89 W
2026/10/09 04:11:21.902, 37, 1410 MHz, 69.64 W
2026/10/09 04:11:22.903, 37, 1410 MHz, 69.36 W
2026/10/09 04:11:23.903, 36, 1410 MHz, 69.19 W
2026/10/09 04:11:24.903, 36, 1410 MHz, 69.09 W
2026/10/09 04:11:25.903, 35, 1410 MHz, 69.53 W
2026/10/09 04:11:26.906, 35, 1410 MHz, 69.39 W
2026/10/09 04:11:27.906, 35, 1410 MHz, 69.26 W
2026/10/09 04:11:28.906, 35, 1410 MHz, 69.15 W
2026/10/09 04:11:29.907, 34, 1410 MHz, 68.99 W
2026/10/09 04:11:30.907, 34, 1410 MHz, 68.93 W
2026/10/09 04:11:31.907, 34, 1410 MHz, 68.76 W
2026/10/09 04:11:32.907, 33, 1410 MHz, 68.60 W
2026/10/09 04:11:33.907, 33, 1410 MHz, 68.59 W
2026/10/09 04:11:34.908, 33, 1410 MHz, 68.46 W
2026/10/09 04:11:35.908, 33, 1410 MHz, 68.34 W
2026/10/09 04:11:36.908, 33, 1410 MHz, 68.21 W
2026/10/09 04:11:37.908, 32, 1410 MHz, 68.16 W
2026/10/09 04:11:38.908, 32, 1410 MHz, 68.11 W
2026/10/09 04:11:39.908, 32, 1410 MHz, 68.07 W
2026/10/09 04:11:40.909, 32, 1410 MHz, 67.93 W
2026/10/09 04:11:41.909, 32, 1410 MHz, 67.89 W
2026/10/09 04:11:42.909, 31, 1410 MHz, 67.79 W
2026/10/09 04:11:43.909, 31, 1410 MHz, 67.67 W
2026/10/09 04:11:44.909, 31, 1410 MHz, 67.69 W
2026/10/09 04:11:45.909, 31, 1410 MHz, 67.56 W
2026/10/09 04:11:46.910, 31, 1410 MHz, 67.62 W
2026/10/09 04:11:47.910, 31, 1410 MHz, 67.58 W
2026/10/09 04:11:48.910, 31, 1410 MHz, 67.41 W
2026/10/09 04:11:49.910, 30, 1410 MHz, 67.41 W
2026/10/09 04:11:50.910, 36, 1410 MHz, 288.14 W
2026/10/09 04:11:51.910, 37, 1410 MHz, 323.30 W
2026/10/09 04:11:52.911, 37, 1410 MHz, 321.39 W
2026/10/09 04:11:53.911, 39, 1410 MHz, 326.57 W
2026/10/09 04:11:54.911, 40, 1200 MHz, 345.91 W
2026/10/09 04:11:55.911, 40, 1170 MHz, 345.64 W
2026/10/09 04:11:56.911, 34, 1410 MHz, 123.13 W
2026/10/09 04:11:57.911, 33, 1410 MHz, 68.21 W
2026/10/09 04:11:58.912, 33, 1410 MHz, 68.58 W
2026/10/09 04:11:59.912, 33, 1410 MHz, 68.51 W
2026/10/09 04:12:00.912, 33, 1410 MHz, 68.31 W
2026/10/09 04:12:01.912, 32, 1410 MHz, 68.19 W
2026/10/09 04:12:02.912, 32, 1410 MHz, 68.10 W
2026/10/09 04:12:03.912, 32, 1410 MHz, 68.09 W
2026/10/09 04:12:04.913, 32, 1410 MHz, 68.03 W
2026/10/09 04:12:05.913, 31, 1410 MHz, 67.90 W
2026/10/09 04:12:06.913, 31, 1410 MHz, 67.82 W
2026/10/09 04:12:07.913, 31, 1410 MHz, 67.74 W
2026/10/09 04:12:08.914, 31, 1410 MHz, 67.65 W
2026/10/09 04:12:09.914, 31, 1410 MHz, 67.64 W
2026/10/09 04:12:10.914, 31, 1410 MHz, 67.54 W
2026/10/09 04:12:11.914, 31, 1410 MHz, 67.55 W
2026/10/09 04:12:12.914, 30, 1410 MHz, 67.40 W
2026/10/09 04:12:16.139, 30, 1410 MHz, 67.28 W
2026/10/09 04:12:17.139, 30, 1410 MHz, 67.21 W
2026/10/09 04:12:18.139, 30, 1410 MHz, 67.24 W
2026/10/09 04:12:19.140, 30, 1410 MHz, 67.16 W
2026/10/09 04:12:20.140, 29, 1410 MHz, 67.23 W
2026/10/09 04:12:21.140, 29, 1410 MHz, 67.07 W
2026/10/09 04:12:22.140, 29, 1410 MHz, 67.08 W
2026/10/09 04:12:23.142, 29, 1410 MHz, 67.01 W
2026/10/09 04:12:24.142, 29, 1410 MHz, 66.98 W
2026/10/09 04:12:25.142, 29, 1410 MHz, 66.94 W
2026/10/09 04:12:26.143, 29, 1410 MHz, 66.97 W
2026/10/09 04:12:27.143, 29, 1410 MHz, 66.81 W
2026/10/09 04:12:28.143, 29, 1410 MHz, 66.79 W
2026/10/09 04:12:30.415, 34, 1410 MHz, 245.16 W
2026/10/09 04:12:31.416, 37, 1380 MHz, 335.03 W
2026/10/09 04:12:32.416, 36, 1410 MHz, 331.61 W
2026/10/09 04:12:33.416, 38, 1395 MHz, 337.74 W
2026/10/09 04:12:34.416, 38, 1395 MHz, 309.48 W
2026/10/09 04:12:35.416, 37, 1410 MHz, 306.90 W
2026/10/09 04:12:36.417, 39, 1410 MHz, 323.70 W
2026/10/09 04:12:37.417, 40, 1410 MHz, 325.79 W
2026/10/09 04:12:38.417, 40, 1410 MHz, 321.86 W
2026/10/09 04:12:39.418, 40, 1410 MHz, 277.04 W
2026/10/09 04:12:40.418, 40, 1410 MHz, 282.82 W
2026/10/09 04:12:41.418, 41, 1410 MHz, 282.92 W
2026/10/09 04:12:42.418, 40, 1410 MHz, 295.66 W
2026/10/09 04:12:43.418, 42, 1410 MHz, 296.23 W
2026/10/09 04:12:44.418, 42, 1410 MHz, 295.92 W
2026/10/09 04:12:45.419, 42, 1410 MHz, 286.04 W
2026/10/09 04:12:46.419, 42, 1410 MHz, 298.83 W
2026/10/09 04:12:47.419, 43, 1335 MHz, 296.70 W
2026/10/09 04:12:48.419, 44, 1410 MHz, 287.46 W
2026/10/09 04:12:49.419, 43, 1410 MHz, 296.53 W
2026/10/09 04:12:50.419, 43, 1410 MHz, 297.37 W
2026/10/09 04:12:51.420, 44, 1320 MHz, 203.87 W
2026/10/09 04:12:52.420, 43, 1410 MHz, 294.96 W
2026/10/09 04:12:53.420, 43, 1410 MHz, 293.35 W
2026/10/09 04:12:54.420, 44, 1335 MHz, 242.58 W
2026/10/09 04:12:55.420, 44, 1410 MHz, 293.18 W
2026/10/09 04:12:56.420, 43, 1410 MHz, 295.55 W
2026/10/09 04:12:57.421, 44, 1410 MHz, 244.21 W
2026/10/09 04:12:58.421, 44, 1410 MHz, 294.55 W
2026/10/09 04:12:59.421, 44, 1410 MHz, 294.41 W
