Time (%),Total Time (ns),Instances,Avg (ns),Med (ns),Min (ns),Max (ns),StdDev (ns),Name
61.4,4050408895,150,27002726.0,25344.0,21472,84128044,38429652.5,attn_tree_tc
13.6,899557105,148,6078088.5,304866.0,297793,18320056,8236979.1,void cutlass::Kernel2<cutlass_80_tensorop_f16_s16816gemm_relu_f16_128x128_32x5_tn_align8>(T1::Params)
11.3,742072640,148,5014004.3,156657.0,151457,18764318,7054639.6,ampere_fp16_s16816gemm_fp16_64x128_ldg8_f2f_stages_64x3_tn
6.8,448517842,150,2990118.9,64512.5,61921,9913470,4221897.4,void cutlass::Kernel2<cutlass_80_tensorop_f16_s16816gemm_relu_f16_128x64_64x4_tn_align8>(T1::Params)
2.1,137969822,148,932228.5,44336.0,42144,2773715,1266588.9,ampere_fp16_s16816gemm_fp16_64x128_ldg8_f2f_stages_64x4_tn
1.5,98434534,148,665098.2,6912.0,2112,2695474,954211.3,bias_silu_mul_f16
0.9,62023414,296,209538.6,3040.0,1568,907111,309244.8,bias_residual_f16
0.9,57709176,150,384727.8,3168.0,2816,1237928,546800.7,qkv_rope_f16
0.7,45867148,299,153401.8,3520.0,2880,652772,224029.2,rmsnorm_f16
0.5,30974665,148,209288.3,2624.0,2400,639076,290480.5,merge_heads_f16
0.3,18696223,500,37392.4,1408.0,1120,189345,72285.7,split_hilo_f32
0.0,556611,5,111322.2,4128.0,2592,542819,241215.5,is_u32_f16
0.0,11456,1,11456.0,11456.0,11456,11456,0.0,letter_logits_f16
